PID	Season	contestant	ChW	ChA	ChW%	SO	VFB	VAP	TotV	TCA	TC%	wTCR	VFT	JVF	TotJ	JV%	SurvSc	SurvAv	Days	Finish	Time	nonVFB	VFB%	nVFB%	NoJ	InRCA	InRCW	InICA	InICW	InChA	InChW	InChW%	TRCA	TRCW	TICA	TICW	TChA	TChW	TChW%	TrCh 2nd	TrCh 3rd	HCA	HCW	Exile	TVA	VAT%	NI VFT	NI VFT%	Sex	Birthday	Day 1 Filming date	Age		VVp	VAPi
1	1	Richard Hatch	1.87	16.10	0.12	0	9	6	70	10	0.89	2.52	7	4	7	0.5714285714	1.58	7.82	39	1	1	1	0.90	0.10	4.39	6	0	8	1	14	1	0.07	5	2	6	3	11	5	0.455	0	0			0	3	0.30	6	0.67	M	4/8/1961	3/13/2000	38.9			6
2	1	Kelly Wiglesworth	5.87	16.10	0.36	2	6	0	71	11	0.55	3.82	11	3	7	0.4285714286	1.34	12.26	39	2	1	5	0.55	0.45	9.69	6	1	8	4	14	5	0.36	5	2	6	3	11	5	0.455	0	0			0	0	0.00	6	0.86	M	1/20/1928	3/13/2000	72.1			0
3	1	Rudy Boesch	1.62	16.10	0.10	3	10	8	71	10	0.99	2.33	6	0	7	0	1.09	3.95	38	3	1	0	1.00	0.00	3.95	6	0	8	1	14	1	0.07	5	2	6	2	11	4	0.364	0	0			0	4	0.40	5	0.56	M	11/27/1969	3/13/2000	30.3			8
4	1	Sue Hawk	0.87	15.10	0.06	0	9	5	70	10	0.89	2.80	6	0	7	0	0.95	3.67	37	4	1	1	0.90	0.10	3.67	6	0	7	0	13	0	0.00	5	2	6	3	11	5	0.455	0	0			0	4	0.40	6	0.60	M	11/2/1969	3/13/2000	30.4			5
5	1	Sean Keniff	1.87	14.10	0.13	0	6	9	66	9	0.65	1.44	5	0	7	0	0.78	3.30	36	5	1	3	0.67	0.33	3.30	6	1	6	0	12	1	0.08	5	2	6	3	11	5	0.455	0	0			0	4	0.44	4	0.44	M	12/31/1975	3/13/2000	24.2			9
6	1	Colleen Haskell	2.56	12.07	0.21	3	3	7	61	8	0.36	0.95	5	0	7	0	0.57	3.51	33	6	1	5	0.38	0.63	3.51	5	2	5	0	10	2	0.20	5	1	6	3	11	4	0.364	0	0			0	3	0.38	3	0.38	M	4/13/1972	3/13/2000	27.9			7
7	1	Gervase Peterson	2.89	9.07	0.32	2	1	6	55	7	0.13	0.40	5	0	7	0	0.45	3.29	30	7	1	6	0.14	0.86	3.29	3	1	4	1	7	2	0.29	5	2	6	3	11	5	0.455	0	0			0	2	0.29	3	0.50	M	6/15/1976	3/13/2000	23.7			6
8	1	Jenna Lewis	1.23	7.07	0.17	0	4	11	48	6	0.63	1.24	1	0	7	0	0.80	2.47	27	8	1	2	0.67	0.33	2.47	2	0	3	0	5	0	0.00	5	3	6	3	11	6	0.545	0	0			0	5	0.83	1	0.17	F	1/20/1971	3/13/2000	29.1			11
9	1	Greg Buis	2.56	5.07	0.50	2	1	6	40	5	0.17	0.56	4	0	7	0	0.67	3.12	24	9	1	4	0.20	0.80	3.12	1	1	2	1	3	2	0.67	5	1	6	3	11	4	0.364	0	0			0	1	0.20	2	0.50	F	8/11/1972	3/13/2000	27.6			6
10	1	Gretchen Cordy	1.23	3.07	0.40	0	3	4	31	4	0.72	2.63	3	0	7	0	1.12	3.85	21	10	1	1	0.75	0.25	3.85	0	0	1	0	1	0	0.00	5	3	6	3	11	6	0.545	0	0			0	1	0.25	3	0.75	M	1/18/1936	3/13/2000	64.2			4
11	1	Joel Klug	0.89	2.07	0.43	1	2	4	21	3	0.60	2.33	2	0	7	0	1.03	3.23	18	11	1	1	0.67	0.33	3.23	0	0	0	0	0	0	#DIV/0!	5	2	6	3	11	5	0.455	0	0			0	1	0.33	2	0.67	F	1/28/1937	3/13/2000	63.1			4
12	1	Dirk Been	0.62	1.51	0.41	1	2	4	21	3	0.60	2.33	2	0	7	0	1.01	2.95	15	12	1	1	0.67	0.33	2.95	0	0	0	0	0	0	#DIV/0!	4	2	5	2	9	4	0.444	0	0			0	1	0.33	2	0.67	M	1/4/1964	11/1/2004	40.8			4
13	1	Ramona Gray	0.39	0.99	0.40	1	1	6	15	2	0.30	1.40	0	0	7	0	0.70	1.79	12	13	1	1	0.50	0.50	1.79	0	0	0	0	0	0	#DIV/0!	3	1	4	2	7	3	0.429	0	0			0	2	1.00	0	0.00	F	5/28/1975	11/1/2004	29.4			6
14	1	Stacey Stillman	0.29	0.68	0.42	0	0	6	15	2	-0.20	0.00	0	0	7	0	0.22	0.29	9	14	1	2	0.00	1.00	0.29	0	0	0	0	0	0	#DIV/0!	2	1	3	1	5	2	0.400	0	0			0	2	1.00	0	0.00	M	8/24/1981	11/1/2004	23.2			6
15	1	B.B. Andersen	0.25	0.39	0.64	0	0	6	8	1	-0.75	0.00	0	0	7	0	-0.11	0.25	6	15	1	1	0.00	1.00	0.25	0	0	0	0	0	0	#DIV/0!	1	1	2	1	3	2	0.667	0	0			0	1	1.00	0	0.00	F	2/27/1972	11/1/2004	32.7			6
16	1	Sonja Christopher	0.00	0.13	0.00	0	0	4	8	1	-0.50	0.00	0	0	7	0	-0.50	0.00	3	16	1	1	0.00	1.00	0.00	0	0	0	0	0	0	#DIV/0!	0	0	1	0	1	0	0.000	0	0			0	1	1.00	0	0.00	F	8/13/1958	11/1/2004	46.2			4
17	2	Tina Wesson	0.59	13.09	0.05	0	10	0	70	10	1.00	7.00	10	4	7	0.57	1.62	11.02	42	1	1	0	1.00	0.00	7.59	3	0	8	0	11	0	0.00	6	2	5	2	11	4	0.364	0	0			0	6	0.60	4	0.40	F	12/26/1961	10/23/2000	38.8			0
18	2	Colby Donaldson	8.09	13.09	0.62	0	10	5	71	11	0.90	2.83	10	3	7	0.43	1.95	13.49	42	2	1	1	0.91	0.09	10.92	3	2	8	5	11	7	0.64	6	3	5	2	11	5	0.455	0	0			0	8	0.73	-4	-0.67	M	4/1/1974	10/23/2000	26.6			5
19	2	Keith Famie	2.59	13.09	0.20	0	9	8	71	10	0.89	2.10	6	0	7	0	1.09	4.69	41	3	1	1	0.90	0.10	4.69	3	0	8	2	11	2	0.18	6	2	5	2	11	4	0.364	0	0			0	10	1.00	-2	-0.25	M	2/11/1960	10/23/2000	40.7			8
20	2	Elisabeth Filarski	0.97	12.03	0.08	0	4	5	64	9	0.44	1.38	7	0	7	0	0.52	2.35	39	4	1	5	0.44	0.56	2.35	3	0	7	0	10	0	0.00	6	3	5	3	11	6	0.545	0	0			0	9	1.00	0	0.00	F	5/28/1977	10/23/2000	23.4			5
21	2	Rodger Bingham	0.57	10.03	0.06	0	4	5	60	8	0.49	1.56	6	0	7	0	0.55	2.13	36	5	1	4	0.50	0.50	2.13	2	0	6	0	8	0	0.00	6	1	5	3	11	4	0.364	0	0			0	8	1.00	0	0.00	M	7/5/1947	10/23/2000	53.3			5
22	2	Amber Brkich	0.59	9.09	0.07	0	5	6	61	8	0.61	1.75	6	0	7	0	0.68	2.34	33	6	1	3	0.63	0.38	2.34	2	0	5	0	7	0	0.00	6	2	5	2	11	4	0.364	0	0			0	8	1.00	0	0.00	F	8/11/1978	10/23/2000	22.2			6
23	2	Nick Brown	1.97	7.03	0.28	0	3	4	49	6	0.49	1.75	5	0	7	0	0.77	3.72	30	7	1	3	0.50	0.50	3.72	1	0	4	1	5	1	0.20	6	3	5	3	11	6	0.545	0	0			0	6	1.00	-1	-0.20	M	4/2/1977	10/23/2000	23.6			4
24	2	Jerri Manthey	2.09	6.09	0.34	0	4	12	48	6	0.63	1.17	2	0	7	0	0.97	3.26	27	8	1	2	0.67	0.33	3.26	1	1	3	0	4	1	0.25	6	3	5	2	11	5	0.455	0	0			0	6	1.00	-1	-0.17	F	9/5/1970	10/23/2000	30.1			12
25	2	Alicia Calaway	0.97	4.53	0.21	0	2	5	34	4	0.46	1.56	3	0	7	0	0.68	2.53	24	9	1	2	0.50	0.50	2.53	1	0	2	0	3	0	0.00	5	3	5	3	10	6	0.600	0	0			0	4	1.00	0	0.00	F	5/1/1968	10/23/2000	32.5			5
26	2	Jeff Varner	0.97	2.53	0.38	0	2	7	25	3	0.57	1.70	0	0	7	0	0.96	2.67	21	10	1	1	0.67	0.33	2.67	0	0	1	0	1	0	0.00	5	3	5	3	10	6	0.600	0	0			0	3	1.00	0	0.00	M	4/16/1966	10/23/2000	34.5			7
27	2	Mike Skupin*	0.97	1.53	0.64	0	2	6	21	3	0.57	1.87	2	0	7	0	1.21	2.84	18	11	1	1	0.67	0.33	2.84	0	0	0	0	0	0	#DIV/0!	5	3	5	3	10	6	0.600	0	0			0	3	1.00	0	0.00	M		10/23/2000	100.8			6
28	2	Kimmi Kappenberg	0.57	1.33	0.43	0	1	6	15	2	0.30	1.40	1	0	7	0	0.73	1.97	15	12	1	1	0.50	0.50	1.97	0	0	0	0	0	0	#DIV/0!	4	1	5	3	9	4	0.444	0	0			0	2	1.00	0	0.00	F	11/11/1972	10/23/2000	27.9			6
29	2	Mitchell Olson	0.39	0.99	0.40	0	2	4	21	3	0.60	2.33	1	0	7	0	1.00	2.73	12	13	1	1	0.67	0.33	2.73	0	0	0	0	0	0	#DIV/0!	3	2	4	1	7	3	0.429	0	0			0	3	1.00	0	0.00	M	3/17/1977	10/23/2000	23.6			4
30	2	Maralyn Hershey	0.39	0.66	0.59	0	1	5	15	2	0.33	1.56	1	0	7	0	0.93	1.95	9	14	1	1	0.50	0.50	1.95	0	0	0	0	0	0	#DIV/0!	2	2	3	1	5	3	0.600	0	0			0	2	1.00	0	0.00	F	1/24/1949	10/23/2000	51.7			5
31	2	Kel Gleason	0.25	0.38	0.67	0	0	7	8	1	-0.88	0.00	0	0	7	0	-0.21	0.25	6	15	1	1	0.00	1.00	0.25	0	0	0	0	0	0	#DIV/0!	1	1	2	1	3	2	0.667	0	0			0	1	1.00	0	0.00	M		10/23/2000	100.8			7
32	2	Debb Eaton	0.00	0.13	0.00	0	0	7	8	1	-0.88	0.00	0	0	7	0	-0.88	0.00	3	16	1	1	0.00	1.00	0.00	0	0	0	0	0	0	#DIV/0!	0	0	1	0	1	0	0.000	0	0			0	1	1.00	0	0.00	F	6/11/1955	10/23/2000	45.4			7
33	3	Ethan Zohn	2.87	13.31	0.22	0	10	0	70	10	1.00	7.00	9	5	7	0.71	1.93	14.15	39	1	1	0	1.00	0.00	9.87	3	1	8	1	11	2	0.18	6	2	6	3	12	5	0.417	0	0			0	1	0.10	7	0.78	M	11/12/1973	7/11/2001	27.7			0
34	3	Kim Johnson	2.87	13.31	0.22	0	11	1	71	11	1.00	5.60	9	2	7	0.29	1.50	10.18	39	2	1	0	1.00	0.00	8.47	3	0	8	2	11	2	0.18	6	2	6	3	12	5	0.417	0	0			0	2	0.18	7	0.78	F	9/18/1945	7/11/2001	55.8			1
35	3	Lex van den Berghe	5.87	13.31	0.44	0	9	10	71	10	0.89	1.80	6	0	7	0	1.33	7.67	38	3	1	1	0.90	0.10	7.67	3	2	8	3	11	5	0.45	6	2	6	3	12	5	0.417	0	0			0	4	0.40	1	0.14	M	6/18/1963	7/11/2001	38.1			10
36	3	Big Tom Buchanan	1.67	12.31	0.14	1	7	7	70	10	0.69	1.78	6	0	7	0	0.83	3.45	37	4	1	3	0.70	0.30	3.45	3	0	7	1	10	1	0.10	6	1	6	3	12	4	0.333	0	0			0	4	0.40	5	0.56	M	10/30/1955	7/11/2001	45.7			7
37	3	Teresa Cooper	1.93	11.29	0.17	2	3	4	66	9	0.33	1.17	7	0	7	0	0.50	3.09	36	5	1	6	0.33	0.67	3.09	3	0	6	1	9	1	0.11	6	3	6	3	12	6	0.500	0	0			0	2	0.22	6	0.75	F		7/11/2001	101.5			4
38	3	Kim Powers	0.93	9.29	0.10	1	5	4	61	8	0.62	2.19	6	0	7	0	0.72	3.11	33	6	1	3	0.63	0.38	3.11	2	0	5	0	7	0	0.00	6	3	6	3	12	6	0.500	0	0			0	2	0.25	6	0.75	F	12/3/1972	7/11/2001	28.6			4
39	3	Frank Garrison	1.43	7.29	0.20	0	3	9	55	7	0.41	0.92	3	0	7	0	0.60	2.35	30	7	1	4	0.43	0.57	2.35	1	0	4	0	5	0	0.00	6	4	6	3	12	7	0.583	0	0			0	4	0.57	3	0.43	M	7/22/1958	7/11/2001	43.0			9
40	3	Brandon Quinton	1.43	6.29	0.23	1	4	6	48	6	0.65	1.87	4	0	7	0	0.87	3.29	27	8	1	2	0.67	0.33	3.29	1	0	3	0	4	0	0.00	6	4	6	3	12	7	0.583	0	0			0	2	0.33	4	0.67	M	1/22/1976	7/11/2001	25.5			6
41	3	Kelly Goldsmith	0.87	4.81	0.18	1	4	5	40	5	0.78	2.49	4	0	7	0	0.96	3.36	24	9	1	1	0.80	0.20	3.36	1	0	2	0	3	0	0.00	5	2	6	3	11	5	0.455	0	0			0	1	0.20	4	0.80	F		7/11/2001	101.5			5
42	3	Clarence Black	0.87	2.81	0.31	0	3	12	31	4	0.65	1.31	1	0	7	0	0.96	2.18	21	10	1	1	0.75	0.25	2.18	0	0	1	0	1	0	0.00	5	2	6	3	11	5	0.455	0	0			0	3	0.75	1	0.25	M		7/11/2001	101.5			12
43	3	Lindsey Richter	0.93	1.79	0.52	0	2	7	21	3	0.56	1.70	1	0	7	0	1.07	2.62	18	11	1	1	0.67	0.33	2.62	0	0	0	0	0	0	#DIV/0!	5	3	6	3	11	6	0.545	0	0			0	2	0.67	1	0.33	F		7/11/2001	101.5			7
44	3	Silas Gaither	0.73	1.39	0.52	0	2	8	21	3	0.54	1.56	1	0	7	0	1.06	2.28	15	12	1	1	0.67	0.33	2.28	0	0	0	0	0	0	#DIV/0!	4	3	5	2	9	5	0.556	0	0			0	2	0.67	1	0.33	M		7/11/2001	101.5			8
45	3	Linda Spencer	0.25	1.06	0.24	2	0	4	15	2	-0.13	0.00	1	0	7	0	0.10	0.25	12	13	1	2	0.00	1.00	0.25	0	0	0	0	0	0	#DIV/0!	3	0	4	2	7	2	0.286	0	0			0	1	0.50	1	0.50	F		7/11/2001	101.5			4
46	3	Carl Bilancione	0.39	0.73	0.54	1	0	4	8	1	-0.50	0.00	0	0	7	0	0.04	0.39	9	14	1	1	0.00	1.00	0.39	0	0	0	0	0	0	#DIV/0!	2	1	3	2	5	3	0.600	0	0			0	1	1.00	0	0.00	M		7/11/2001	101.5			4
47	3	Jessie Camacho	0.00	0.41	0.00	0	1	5	15	2	0.33	1.56	1	0	7	0	0.33	1.56	6	15	1	1	0.50	0.50	1.56	0	0	0	0	0	0	#DIV/0!	1	0	2	0	3	0	0.000	0	0			0	1	0.50	1	0.50	F		7/11/2001	101.5			5
48	3	Diane Ogden	0.00	0.13	0.00	0	0	6	8	1	-0.75	0.00	0	0	7	0	-0.75	0.00	3	16	1	1	0.00	1.00	0.00	0	0	0	0	0	0	#DIV/0!	0	0	1	0	1	0	0.000	0	0			0	1	1.00	0	0.00	F		7/11/2001	101.5			6
49	4	Vecepia Towery	2.45	13.48	0.18	2	8	2	78	11	0.72	3.39	10	4	7	0.57	1.48	9.27	39	1	1	3	0.73	0.27	5.84	3	0	8	2	11	2	0.18	5	0	6	2	11	2	0.182	0	0			0	1	0.09	8	0.89	F						2
50	4	Neleh Dennis	2.34	13.46	0.17	1	9	4	59	10	0.89	3.15	9	3	7	0.43	1.50	8.06	39	2	1	1	0.90	0.10	5.49	3	0	8	1	11	1	0.09	5	3	6	4	11	7	0.636	0	0			0	1	0.10	8	0.89	F						4
51	4	Kathy Vavrick-O'Brien	4.51	13.46	0.34	0	7	5	59	9	0.77	2.42	7	0	7	0	1.10	6.93	38	3	1	2	0.78	0.22	6.93	3	1	8	2	11	3	0.27	5	4	6	4	11	8	0.727	0	0			0	2	0.22	4	0.57	F	1/6/1954					5
52	4	Paschal English*	2.84	12.46	0.23	1	8	0	58	9	0.89	6.22	9	0	7	0	1.12	9.07	37	4	1	1	0.89	0.11	9.07	3	1	7	0	10	1	0.10	5	4	6	4	11	8	0.727	0	0			0	0	0.00	8	0.89	M						0
53	4	Sean Rector	1.75	11.48	0.15	3	7	7	74	10	0.69	1.78	7	0	7	0	0.84	3.53	36	5	1	3	0.70	0.30	3.53	3	1	6	0	9	1	0.11	5	1	6	1	11	2	0.182	0	0			0	3	0.30	6	0.60	M						7
54	4	Robert DeCanio	1.62	9.46	0.17	4	3	6	48	6	0.48	1.40	4	0	7	0	0.65	3.02	33	6	1	3	0.50	0.50	3.02	2	0	5	1	7	1	0.14	5	1	6	3	11	4	0.364	0	0			0	2	0.33	3	0.60	M						6
55	4	Tammy Leitner	3.01	8.46	0.36	3	3	5	42	5	0.58	1.87	4	0	7	0	0.93	4.88	30	7	1	2	0.60	0.40	4.88	2	0	4	2	6	2	0.33	5	2	6	4	11	6	0.545	0	0			0	1	0.20	2	0.67	F						5
56	4	Zoe Zanidakis	0.96	6.46	0.15	2	3	8	35	4	0.69	1.75	2	0	7	0	0.84	2.71	27	8	1	1	0.75	0.25	2.71	1	0	3	0	4	0	0.00	5	2	6	4	11	6	0.545	0	0			0	2	0.50	2	0.50	F						8
57	4	John Carroll	0.56	4.96	0.11	4	2	8	27	3	0.57	1.56	1	0	7	0	0.68	2.12	24	9	1	1	0.67	0.33	2.12	1	0	2	0	3	0	0.00	4	2	6	2	10	4	0.400	0	0			0	2	0.67	1	0.33	M						8
58	4	Boston Rob Mariano	0.25	2.98	0.08	2	4	8	39	5	0.76	1.87	3	0	7	0	0.84	2.12	21	10	1	1	0.80	0.20	2.12	0	0	1	0	1	0	0.00	4	0	6	1	10	1	0.100	0	0			0	2	0.40	3	0.60	M						8
59	4	Gina Crews	0.75	1.98	0.38	1	2	3	30	5	0.38	1.60	4	0	7	0	0.76	2.35	18	11	1	3	0.40	0.60	2.35	0	0	0	0	0	0	#DIV/0!	4	2	6	1	10	3	0.300	0	0			0	1	0.20	4	0.80	F						3
60	4	Gabriel Cade	0.96	1.46	0.66	1	0	7	8	1	-0.88	0.00	0	0	7	0	-0.22	0.96	15	12	1	1	0.00	1.00	0.96	0	0	0	0	0	0	#DIV/0!	3	2	5	4	8	6	0.750	0	0			0	1	1.00	0	0.00	M						7
61	4	Sarah Jones	0.00	0.98	0.00	0	3	11	26	4	0.64	1.40	0	0	7	0	0.64	1.40	12	13	1	1	0.75	0.25	1.40	0	0	0	0	0	0	#DIV/0!	2	0	4	0	6	0	0.000	0	0			0	4	1.00	0	0.00	F						11
62	4	Hunter Ellis	0.00	0.78	0.00	0	1	4	21	3	0.27	1.17	2	0	7	0	0.27	1.17	9	14	1	2	0.33	0.67	1.17	0	0	0	0	0	0	#DIV/0!	2	0	3	0	5	0	0.000	0	0			0	1	0.33	2	0.67	M						4
63	4	Patricia Jackson	0.00	0.41	0.00	0	1	5	15	2	0.33	1.56	0	0	7	0	0.33	1.56	6	15	1	1	0.50	0.50	1.56	0	0	0	0	0	0	#DIV/0!	1	0	2	0	3	0	0.000	0	0			0	2	1.00	0	0.00	F						5
64	4	Peter Harkey	0.00	0.13	0.00	0	0	5	8	1	-0.63	0.00	0	0	7	0	-0.63	0.00	3	16	1	1	0.00	1.00	0.00	0	0	0	0	0	0	#DIV/0!	0	0	1	0	1	0	0.000	0	0			0	1	1.00	0	0.00	M	1/17/1956					5
65	5	Brian Heidik	6.18	11.13	0.56	0	9	0	52	9	1.00	7.00	9	4	7	0.57	2.13	16.61	39	1	1	0	1.00	0.00	13.18	3	2	6	3	9	5	0.56	4	1	8	5	12	6	0.500	0	0			0	0	0.00	4	0.67	M	3/9/1968	6/10/2002	34.3			0
66	5	Clay Jordan	2.18	11.13	0.20	0	7	4	51	8	0.87	3.06	5	3	7	0.43	1.49	7.82	39	2	1	1	0.88	0.13	5.25	3	0	6	1	9	1	0.11	4	1	8	5	12	6	0.500	0	0			0	3	0.38	4	0.57	M	12/30/1955	6/10/2002	46.4			4
67	5	Jan Gentry	1.18	11.13	0.11	0	7	4	52	8	0.87	3.06	5	0	7	0	0.97	4.25	38	3	1	1	0.88	0.13	4.25	3	0	6	0	9	0	0.00	4	1	8	5	12	6	0.500	0	0			0	3	0.38	5	0.63	F	10/31/1948	6/10/2002	53.6			4
68	5	Helen Glover	1.93	10.13	0.19	1	6	5	51	8	0.74	2.33	6	0	7	0	0.93	4.27	37	4	1	2	0.75	0.25	4.27	3	0	5	1	8	1	0.13	4	1	8	4	12	5	0.417	0	0			0	2	0.25	5	0.71	F	4/28/1955	6/10/2002	47.1			5
69	5	Ted Rogers	3.18	9.13	0.35	0	6	7	47	7	0.84	2.18	5	0	7	0	1.18	5.37	36	5	1	1	0.86	0.14	5.37	3	1	4	1	7	2	0.29	4	1	8	5	12	6	0.500	0	0			0	2	0.29	3	0.50	M	12/28/1964	6/10/2002	37.4			7
70	5	Jake Billingsley	0.94	7.13	0.13	2	5	7	51	8	0.61	1.59	6	0	7	0	0.74	2.53	33	6	1	3	0.63	0.38	2.53	2	0	3	0	5	0	0.00	4	3	8	3	12	6	0.500	0	0			0	2	0.25	6	0.75	M	8/21/1941	6/10/2002	60.8			7
71	5	Penny Ramsey	0.94	6.13	0.15	1	5	5	45	7	0.70	2.22	5	0	7	0	0.85	3.17	30	7	1	2	0.71	0.29	3.17	2	0	2	0	4	0	0.00	4	3	8	3	12	6	0.500	0	0			0	2	0.29	5	0.71	F						5
72	5	Ken Stafford	0.94	4.13	0.23	2	5	6	38	6	0.81	2.33	4	0	7	0	1.04	3.28	27	8	1	1	0.83	0.17	3.28	1	0	1	0	2	0	0.00	4	3	8	3	12	6	0.500	0	0			0	2	0.33	4	0.67	M						6
73	5	Erin Collins	0.94	2.13	0.44	2	4	3	30	5	0.78	3.20	4	0	7	0	1.22	4.14	24	9	1	1	0.80	0.20	4.14	0	0	0	0	0	0	#DIV/0!	4	3	8	3	12	6	0.500	0	0			0	1	0.20	4	0.80	F						3
74	5	Shii Ann Huang	0.43	1.88	0.23	3	3	10	26	4	0.65	1.50	0	0	7	0	0.89	1.93	21	10	1	1	0.75	0.25	1.93	0	0	0	0	0	0	#DIV/0!	4	1	7	2	11	3	0.273	0	0			0	4	1.00	0	0.00	F						10
75	5	Robb Zbacnik	0.94	1.68	0.56	1	0	5	21	3	-0.08	0.00	2	0	7	0	0.48	0.94	18	11	1	3	0.00	1.00	0.94	0	0	0	0	0	0	#DIV/0!	4	3	6	3	10	6	0.600	0	0			0	1	0.33	2	0.67	M						5
76	5	Stephanie Dill	0.43	1.28	0.34	2	0	5	15	2	-0.17	0.00	1	0	7	0	0.17	0.43	15	12	1	2	0.00	1.00	0.43	0	0	0	0	0	0	#DIV/0!	3	1	5	2	8	3	0.375	0	0			0	1	0.50	1	0.50	F						5
77	5	Ghandia Johnson	0.33	1.08	0.31	0	1	5	21	3	0.25	1.04	1	0	7	0	0.56	1.37	12	13	1	2	0.33	0.67	1.37	0	0	0	0	0	0	#DIV/0!	3	1	4	1	7	2	0.286	0	0			0	2	0.67	1	0.33	F						5
78	5	Jed Hildebrand	0.41	0.74	0.55	0	0	5	8	1	-0.63	0.00	0	0	7	0	-0.07	0.41	9	14	1	1	0.00	1.00	0.41	0	0	0	0	0	0	#DIV/0!	2	1	3	2	5	3	0.600	0	0			0	1	1.00	0	0.00	M						5
79	5	Tanya Vance	0.00	0.41	0.00	0	1	5	15	2	0.33	1.56	1	0	7	0	0.33	1.56	6	15	1	1	0.50	0.50	1.56	0	0	0	0	0	0	#DIV/0!	1	0	2	0	3	0	0.000	0	0			0	1	0.50	1	0.50	F						5
80	5	John Raymond	0.00	0.13	0.00	0	0	6	8	1	-0.75	0.00	0	0	7	0	-0.75	0.00	3	16	1	1	0.00	1.00	0.00	0	0	0	0	0	0	#DIV/0!	0	0	1	0	1	0	0.000	0	0			0	1	1.00	0	0.00	M						6
81	6	Jenna Morasca	4.72	12.93	0.37	2	9	3	71	11	0.81	3.27	9	6	7	0.86	2.04	13.14	39	1	1	2	0.82	0.18	7.99	4	0	8	4	12	4	0.33	5	2	6	3	11	5	0.455	0	0			0	4	0.36	3	0.43	F						3
82	6	Matt von Ertfelda	4.64	12.93	0.36	0	9	6	70	10	0.89	2.52	7	1	7	0.14	1.39	8.02	39	2	1	1	0.90	0.10	7.16	4	2	8	2	12	4	0.33	5	1	6	3	11	4	0.364	0	0			0	3	0.30	3	0.38	M						6
83	6	Rob Cesternino	1.64	12.93	0.13	0	10	4	71	10	0.99	3.50	8	0	7	0	1.12	5.14	38	3	1	0	1.00	0.00	5.14	4	0	8	1	12	1	0.08	5	1	6	3	11	4	0.364	0	0			0	3	0.30	6	0.67	M						4
84	6	Butch Lockley	0.88	11.93	0.07	0	7	5	70	10	0.69	2.18	8	0	7	0	0.77	3.05	37	4	1	3	0.70	0.30	3.05	4	0	7	0	11	0	0.00	5	2	6	3	11	5	0.455	0	0			0	3	0.30	7	0.70	M						5
85	6	Heidi Strobel	0.95	10.93	0.09	0	7	3	66	9	0.77	3.11	8	0	7	0	0.86	4.06	36	5	1	2	0.78	0.22	4.06	4	0	6	0	10	0	0.00	5	3	6	3	11	6	0.545	0	0			0	2	0.22	7	0.78	F						3
86	6	Christy Smith	0.81	8.93	0.09	1	4	9	61	8	0.48	1.08	4	0	7	0	0.57	1.89	33	6	1	4	0.50	0.50	1.89	3	0	5	0	8	0	0.00	5	3	6	3	11	6	0.545	0	0			0	1	0.13	7	0.88	F						9
87	6	Alex Bell	1.98	7.93	0.25	0	5	6	55	7	0.70	2.00	5	0	7	0	0.95	3.98	30	7	1	2	0.71	0.29	3.98	2	1	4	0	6	1	0.17	5	2	6	3	11	5	0.455	0	0			0	0	0.00	6	0.86	M						6
88	6	Deena Bennett	2.05	6.93	0.30	1	5	6	48	6	0.81	2.33	5	0	7	0	1.11	4.39	27	8	1	1	0.83	0.17	4.39	2	0	3	1	5	1	0.20	5	3	6	3	11	6	0.545	0	0			0	-1	-0.17	6	1.20	F						6
89	6	Dave Johnson	2.21	4.93	0.45	0	2	8	40	5	0.36	0.93	4	0	7	0	0.81	3.14	24	9	1	3	0.40	0.60	3.14	1	1	2	0	3	1	0.33	5	3	6	3	11	6	0.545	0	0			0	-2	-0.40	6	1.20	M						8
90	6	Roger Sexton	0.88	2.60	0.34	0	3	11	31	4	0.66	1.40	1	0	7	0	1.00	2.28	21	10	1	1	0.75	0.25	2.28	0	0	1	0	1	0	0.00	4	2	6	3	10	5	0.500	0	0			0	-3	-0.75	7	1.75	M						11
91	6	Shawna Mitchell	0.72	1.60	0.45	2	1	6	21	3	0.24	0.93	1	0	7	0	0.69	1.65	18	11	1	2	0.33	0.67	1.65	0	0	0	0	0	0	#DIV/0!	4	2	6	3	10	5	0.500	0	0			0	-4	-1.33	7	2.33	F						6
92	6	Jeanne Hebert	0.55	1.20	0.46	0	1	5	21	3	0.25	1.04	1	0	7	0	0.72	1.59	15	12	1	2	0.33	0.67	1.59	0	0	0	0	0	0	#DIV/0!	3	2	5	2	8	4	0.500	0	0			0	-4	-1.33	7	2.33	F						5
93	6	JoAnna Ward	0.55	1.03	0.54	0	0	4	15	2	-0.13	0.00	1	0	7	0	0.40	0.55	12	13	1	2	0.00	1.00	0.55	0	0	0	0	0	0	#DIV/0!	3	2	4	2	7	4	0.571	0	0			0	-5	-2.50	7	3.50	F						4
94	6	Daniel Lue	0.14	0.70	0.21	0	0	7	15	2	-0.23	0.00	0	0	7	0	-0.03	0.14	9	14	1	2	0.00	1.00	0.14	0	0	0	0	0	0	#DIV/0!	2	0	3	1	5	1	0.200	0	0			0	-5	-2.50	7	3.50	M						7
95	6	Janet Koth	0.27	0.41	0.65	0	0	5	8	1	-0.63	0.00	0	0	7	0	0.03	0.27	6	15	1	1	0.00	1.00	0.27	0	0	0	0	0	0	#DIV/0!	1	1	2	1	3	2	0.667	0	0			0	-6	-6.00	7	7.00	F						5
96	6	Ryan Aiken	0.00	0.13	0.00	0	0	4	8	1	-0.50	0.00	0	0	7	0	-0.50	0.00	3	16	1	1	0.00	1.00	0.00	0	0	0	0	0	0	#DIV/0!	0	0	1	0	1	0	0.000	0	0			0	-6	-6.00	7	7.00	M						4
97	7	Sandra Diaz-Twine	0.97	13.88	0.07	2	9	0	74	11	0.82	5.73	11	6	7	0.86	1.75	11.84	39	1	1	2	0.82	0.18	6.70	3	0	8	0	11	0	0.00	8	3	6	3	14	6	0.429	0	0			0	0	0.00	11	1.00	F	7/30/1974	6/23/2003	28.9			0
98	7	Lillian Morris	2.00	12.74	0.16	0	9	10	71	11	0.81	1.64	7	1	7	0.14	1.11	4.49	30	2	1	2	0.82	0.18	3.64	3	0	8	1	11	1	0.09	5	3	3	0	8	3	0.375	0	0			0	4	0.36	6	0.60	F		6/23/2003	103.5			10
99	7	Jonny Fairplay	2.28	13.88	0.16	1	9	7	75	11	0.81	2.08	7	0	7	0	0.97	4.36	38	3	1	2	0.82	0.18	4.36	3	1	8	0	11	1	0.09	8	4	6	3	14	7	0.500	0	0			0	4	0.36	6	0.55	M		6/23/2003	103.5			7
100	7	Darrah Johnson	4.10	13.94	0.29	0	7	6	70	10	0.69	1.96	7	0	7	0	0.99	6.06	37	4	1	3	0.70	0.30	6.06	3	0	7	3	10	3	0.30	8	2	6	3	14	5	0.357	0	0			0	3	0.30	4	0.57	F		6/23/2003	103.5			6
101	7	Burton Roberts	4.44	11.34	0.39	2	5	10	52	7	0.69	1.43	4	0	7	0	1.08	5.87	30	5	1	2	0.71	0.29	5.87	3	1	6	2	9	3	0.33	6	5	5	3	11	8	0.727	0	0			0	3	0.43	1	0.20	M		6/23/2003	103.5			10
102	7	Christa Hastie	0.97	10.08	0.10	2	7	7	65	9	0.77	1.98	6	0	7	0	0.86	2.95	33	6	1	2	0.78	0.22	2.95	2	0	5	0	7	0	0.00	8	3	7	3	15	6	0.400	0	0			0	3	0.33	6	0.67	F		6/23/2003	103.5			7
103	7	Tijuana Bradley	0.97	8.81	0.11	0	5	5	55	7	0.70	2.22	6	0	7	0	0.81	3.19	30	7	1	2	0.71	0.29	3.19	2	0	4	0	6	0	0.00	7	1	7	4	14	5	0.357	0	0			0	1	0.14	6	0.86	F		6/23/2003	103.5			5
104	7	Rupert Boneham	3.48	6.74	0.52	1	5	7	45	6	0.81	2.12	4	0	7	0	1.32	5.60	27	8	1	1	0.83	0.17	5.60	1	1	3	1	4	2	0.50	7	5	7	4	14	9	0.643	0	0			0	2	0.33	2	0.40	M	1/27/1964	6/23/2003	39.4			7
105	7	Ryan Opray	0.97	5.31	0.18	0	3	8	40	5	0.56	1.40	4	0	7	0	0.74	2.37	24	9	1	2	0.60	0.40	2.37	1	0	2	0	3	0	0.00	6	1	7	4	13	5	0.385	0	0			0	1	0.20	4	0.80	M		6/23/2003	103.5			8
106	7	Andrew Savage	0.77	3.11	0.25	0	3	6	31	4	0.70	2.10	3	0	7	0	0.95	2.87	21	10	1	1	0.75	0.25	2.87	0	0	1	0	1	0	0.00	6	1	6	3	12	4	0.333	0	0			0	1	0.25	3	0.75	M		6/23/2003	103.5			6
107	7	Osten Taylor*	0.77	2.11	0.36	0	3	7	26	4	0.68	1.91	2	0	7	0	1.05	2.68	19	11	1	1	0.75	0.25	2.68	0	0	0	0	0	0	#DIV/0!	6	1	6	3	12	4	0.333	0	0			0	2	0.50	2	0.50	M		6/23/2003	103.5			7
108	7	Shawn Cohen	0.91	2.04	0.45	1	3	5	25	4	0.70	2.33	2	0	7	0	1.15	3.24	19	12	1	1	0.75	0.25	3.24	0	0	0	0	0	0	#DIV/0!	6	3	6	3	12	6	0.500	0	0			0	2	0.50	2	0.50	M		6/23/2003	103.5			5
109	7	Trish Dunn	1.11	2.01	0.55	2	2	4	20	3	0.60	2.33	2	0	7	0	1.15	3.44	19	13	1	1	0.67	0.33	3.44	0	0	0	0	0	0	#DIV/0!	6	5	6	2	12	7	0.583	0	0			0	1	0.33	2	0.67	F		6/23/2003	103.5			4
110	7	Michelle Tesauro	0.74	1.64	0.45	2	0	6	14	2	-0.21	0.00	1	0	7	0	0.24	0.74	16	14	1	2	0.00	1.00	0.74	0	0	0	0	0	0	#DIV/0!	5	2	5	3	10	5	0.500	0	0			0	1	0.50	1	0.50	F		6/23/2003	103.5			6
111	7	Ryan Shoulders	0.17	0.58	0.29	0	1	6	15	2	0.30	1.40	0	0	7	0	0.59	1.57	7	15	1	1	0.50	0.50	1.57	0	0	0	0	0	0	#DIV/0!	2	1	2	0	4	1	0.250	0	0			0	2	1.00	0	0.00	M		6/23/2003	103.5			6
112	7	Nicole Delma	0.17	0.29	0.57	0	0	7	8	1	-0.88	0.00	0	0	7	0	-0.30	0.17	4	16	1	1	0.00	1.00	0.17	0	0	0	0	0	0	#DIV/0!	1	1	1	0	2	1	0.500	0	0			0	1	1.00	0	0.00	F		6/23/2003	103.5			7
22	8	Amber Brkich	2.70	12.81	0.21	2	8	6	50	8	0.99	2.80	4	4	7	0.57	1.77	8.93	39	1	2	0	1.00	0.00	5.50	3	0	7	1	10	1	0.10	7	3	7	5	14	8	0.607	1	0			0	4	0.50	-3	-3.00	F		11/3/2003	103.8			6
58	8	Boston Rob Mariano	7.07	12.81	0.55	0	8	1	48	8	1.00	5.60	7	3	7	0.43	1.98	15.24	39	2	2	0	1.00	0.00	12.67	3	1	7	4	10	5	0.50	7	4	7	6	14	10	0.750	1	0			0	1	0.13	0	0.00	M		11/3/2003	103.8			1
8	8	Jenna Lewis	1.48	11.89	0.12	0	8	4	50	8	0.99	3.50	6	0	7	0	1.11	4.98	38	3	2	1	1.00	0.13	4.98	3	0	6	0	9	0	0.00	7	2	7	5	14	7	0.536	1	0			0	2	0.25	-1	-1.00	F	7/16/1977	11/3/2003	26.3			4
104	8	Rupert Boneham	3.48	10.89	0.32	0	6	4	50	8	0.74	2.63	6	0	7	0	1.06	6.11	37	4	2	2	0.75	0.25	6.11	3	2	5	0	8	2	0.25	7	2	7	5	14	7	0.536	1	0			0	2	0.25	-1	-1.00	M	1/27/1964	11/3/2003	39.8			4
36	8	Big Tom Buchanan	2.24	9.81	0.23	4	5	4	41	6	0.82	2.92	5	0	7	0	1.05	5.16	36	5	2	1	0.83	0.17	5.16	3	0	4	1	7	1	0.14	7	1	7	5	14	6	0.429	0	0			0	1	0.17	-2	2.00	M	10/30/1955	11/3/2003	48.0			4
74	8	Shii Ann Huang	1.58	8.81	0.18	3	6	5	52	8	0.74	2.33	7	0	7	0	0.92	3.92	33	6	2	2	0.75	0.25	3.92	2	0	4	1	6	1	0.17	7	2	7	0	14	2	0.214	2	0			0	1	0.13	0	0.00	F		11/3/2003	103.8			5
25	8	Alicia Callaway	1.67	7.81	0.21	2	3	7	30	4	0.69	1.91	2	0	7	0	0.91	3.58	30	7	2	1	0.75	0.25	3.58	2	0	3	0	5	0	0.00	7	4	7	4	14	8	0.607	1	0			0	2	0.50	-5	1.67	F		11/3/2003	103.8			7
51	8	Kathy Vavrick-O'Brien	1.73	4.81	0.36	1	3	6	34	5	0.56	1.68	4	0	7	0	0.92	3.41	28	8	2	2	0.60	0.40	3.41	1	0	1	1	2	1	0.50	7	2	7	0	14	2	0.250	3	0			0	1	0.20	-3	1.50	F	1/6/1954	11/3/2003	49.8			6
35	8	Lex Van den Berghe	0.81	4.56	0.18	0	4	7	31	5	0.75	2.04	4	0	7	0	0.93	2.84	27	9	2	1	0.80	0.20	2.84	1	0	1	0	2	0	0.00	6	2	7	0	13	2	0.308	4	0			0	1	0.20	-3	3.00	M	6/18/1963	11/3/2003	40.4			7
24	8	Jerri Manthey	0.74	2.64	0.28	0	5	7	33	6	0.80	2.12	3	0	7	0	1.08	2.86	24	10	2	1	0.83	0.17	2.86	0	0	0	0	0	0	#DIV/0!	6	2	7	1	13	3	0.269	1	0			0	3	0.50	-4	#DIV/0!	F		11/3/2003	103.8			7
33	8	Ethan Zohn	0.74	2.44	0.30	0	2	6	28	5	0.36	1.12	3	0	7	0	0.66	1.86	21	11	2	3	0.40	0.60	1.86	0	0	0	0	0	0	#DIV/0!	6	2	6	1	12	3	0.292	1	0			0	2	0.40	-3	3.00	M	11/12/1973	11/3/2003	30.0			6
18	8	Colby Donaldson	0.81	1.96	0.41	1	1	4	12	2	0.33	1.75	0	0	7	0	0.75	2.56	19	12	2	1	0.50	0.50	2.56	0	0	0	0	0	0	#DIV/0!	6	2	6	0	12	2	0.333	4	0			0	2	1.00	-6	1.50	M	4/1/1974	11/3/2003	29.6			4
4	8	Sue Hawk*	0.63	1.63	0.39	2	1	0	6	1	0.23	1.27	1	0	7	0	0.62	1.91	17	13	2	1	1.00	1.00	1.91	0	0	0	0	0	0	#DIV/0!	5	0	4	3	9	3	0.389	1	0			0	0	0.00	-3	0.75	F	8/17/1961	11/3/2003	42.2			0
1	8	Richard Hatch	0.56	1.63	0.34	1	0	6	7	1	-0.86	0.00	0	0	7	0	-0.51	0.56	15	14	2	1	0.00	1.00	0.56	0	0	0	0	0	0	#DIV/0!	4	1	4	0	8	1	0.313	3	0			0	1	1.00	-4	1.33	M	4/8/1961	11/3/2003	42.6			6
83	8	Rob Cesternino	0.78	1.23	0.64	1	0	5	6	1	-0.83	0.00	0	0	7	0	-0.20	0.78	12	15	2	1	0.00	1.00	0.78	0	0	0	0	0	0	#DIV/0!	3	2	3	2	6	4	0.667	0	0			0	1	1.00	-3	1.50	M		11/3/2003	103.8			5
81	8	Jenna Morasca*	0.27	0.73	0.36	1	0	6	6	1	-1.00	0.00	0	0	7	0	-0.64	0.27	9	16	2	1	0.00	1.00	0.27	0	0	0	0	0	0	#DIV/0!	2	0	2	0	4	0	0.375	3	0			0	1	1.00	-2	2.00	F		11/3/2003	103.8			6
3	8	Rudy Boesch	0.20	0.57	0.35	0	1	3	11	2	0.36	2.00	1	0	7	0	0.72	2.20	6	17	2	1	0.50	0.50	2.20	0	0	0	0	0	0	#DIV/0!	1	1	2	0	3	1	0.333	0	0			0	1	0.50	-1	-1.00	M	1/20/1928	11/3/2003	75.8			3
17	8	Tina Wesson	0.00	0.17	0.00	0	0	4	6	1	-0.67	0.00	0	0	7	0	-0.67	0.00	3	18	2	1	0.00	1.00	0.00	0	0	0	0	0	0	#DIV/0!	0	0	1	0	1	0	0.000	0	0			0	1	1.00	-1	-1.00	F	12/26/1961	11/3/2003	41.9			4
113	9	Chris Daugherty	4.82	15.24	0.32	1	10	3	80	12	0.83	3.33	11	5	7	0.71	1.86	11.90	39	1	1	2	0.83	0.17	8.15	4	0	9	3	13	3	0.23	9	5	6	3	15	8	0.533	0	0			0	1	0.08	8	0.89	M	8/29/1970	6/26/2004	33.8			3
114	9	Twila Tanner	2.34	14.24	0.16	0	10	6	72	10	0.99	2.80	7	2	7	0.29	1.44	7.69	39	2	1	0	1.00	0.00	5.14	4	0	8	1	12	1	0.08	12	5	6	4	18	9	0.500	0	0			0	3	0.30	6	0.67	F	10/12/1962	6/26/2004	41.7			6
115	9	Scout Cloud Lee	0.80	14.24	0.06	2	10	3	80	11	0.91	3.64	10	0	7	0	0.96	2.36	38	3	1	1	0.91	0.09	4.43	4	0	8	0	12	0	0.00	12	2	6	3	18	5	0.278	0	0			0	1	0.09	10	0.91	F	11/8/1944	6/26/2004	59.6			3
116	9	Eliza Orlins	4.17	13.24	0.32	0	8	9	79	11	0.72	1.57	7	0	7	0	1.03	5.73	37	4	1	3	0.73	0.27	5.74	4	2	7	1	11	3	0.27	10	4	6	3	16	7	0.438	0	0			0	4	0.36	4	0.40	F	12/25/1982	6/26/2004	21.5			9
117	9	Julie Berry	2.34	12.24	0.19	0	4	4	68	9	0.44	1.56	7	0	7	0	0.63	4.16	36	5	1	5	0.44	0.56	3.90	4	1	6	0	10	1	0.10	10	5	6	4	16	9	0.563	0	0			0	2	0.22	6	0.67	F	12/15/1980	6/26/2004	23.5			4
118	9	Ami Cusack	3.67	10.24	0.36	0	7	8	70	9	0.77	1.81	7	0	7	0	1.12	5.71	33	6	1	2	0.78	0.22	5.49	3	0	5	2	8	2	0.25	9	4	6	3	15	7	0.467	0	0			0	2	0.22	5	0.71	F		6/26/2004	104.5			8
119	9	Leann Slaby	1.92	8.24	0.23	0	7	8	64	8	0.86	2.04	6	0	7	0	1.09	3.38	30	7	1	1	0.88	0.13	3.96	2	1	4	0	6	1	0.17	8	3	6	3	14	6	0.429	0	0			0	2	0.25	5	0.63	F	7/8/1969	6/26/2004	35.0			8
120	9	Chad Crittenden	1.32	7.24	0.18	0	4	7	57	7	0.55	1.45	5	0	7	0	0.74	3.02	27	8	1	3	0.57	0.43	2.77	1	0	4	0	5	0	0.00	8	5	6	3	14	8	0.571	0	0			0	2	0.29	5	0.71	M		6/26/2004	104.5			7
121	9	Lea Sarge Masters	2.07	5.99	0.35	1	4	7	49	6	0.64	1.70	5	0	7	0	0.99	3.37	24	9	1	2	0.67	0.33	3.77	1	0	3	1	4	1	0.25	7	4	6	3	13	7	0.538	0	0			0	1	0.17	4	0.80	M	3/28/1964	6/26/2004	40.2			7
122	9	Rory Freeman	0.65	3.99	0.16	0	5	14	47	6	0.78	1.30	0	0	7	0	0.95	1.43	21	10	1	1	0.83	0.17	1.95	0	0	2	0	2	0	0.00	7	2	6	2	13	4	0.308	0	0			0	6	1.00	0	0.00	M	10/30/1968	6/26/2004	35.7			14
123	9	John Kenney	1.87	2.79	0.67	0	1	5	30	4	0.21	0.78	3	0	7	0	0.88	3.62	18	11	1	3	0.25	0.75	2.65	0	0	1	1	1	1	1.00	6	3	6	3	12	6	0.500	0	0			0	1	0.25	2	0.67	M	9/26/1981	6/26/2004	22.7			5
124	9	Lisa Keiffer	0.52	1.39	0.38	0	2	4	30	4	0.47	1.75	3	0	7	0	0.84	2.62	15	12	1	2	0.50	0.50	2.27	0	0	0	0	0	0	#DIV/0!	5	2	5	2	10	4	0.400	0	0			0	1	0.25	3	0.75	F		6/26/2004	104.5			4
125	9	Bubba Sampson	0.25	2.06	0.12	1	3	6	31	4	0.70	2.10	3	0	7	0	0.82	0.25	12	13	1	1	0.75	0.25	2.35	0	0	1	0	1	0	0.00	4	1	4	1	8	2	0.250	0	0			0	1	0.25	3	0.75	M	2/19/1971	6/26/2004	33.3			6
126	9	Brady Finta	0.25	1.77	0.14	0	0	6	24	3	-0.08	0.00	2	0	7	0	0.06	0.25	10	14	1	3	0.00	1.00	0.25	0	0	1	0	1	0	0.00	3	1	3	1	6	2	0.333	0	0			0	1	0.33	2	0.67	M	12/17/1970	6/26/2004	33.5			6
127	9	Mia Galeotalanza	0.24	0.49	0.49	0	0	5	17	2	-0.15	0.00	1	0	7	0	0.34	0.24	7	15	1	2	0.00	1.00	0.24	0	0	0	0	0	0	#DIV/0!	2	1	2	1	4	2	0.500	0	0			0	1	0.50	1	0.50	F		6/26/2004	104.5			5
128	9	John Palyok	0.25	1.49	0.17	0	0	5	17	2	-0.15	0.00	1	0	7	0	0.02	0.25	7	16	1	2	0.00	1.00	0.25	0	0	1	0	1	0	0.00	2	1	2	1	4	2	0.500	0	0			0	1	0.50	1	0.50	M	5/13/1973	6/26/2004	31.1			5
129	9	Dolly Neely	0.24	0.36	0.65	1	0	5	9	1	-0.56	0.00	0	0	7	0	0.10	0.24	6	17	1	1	0.00	1.00	0.24	0	0	0	0	0	0	#DIV/0!	1	1	2	1	3	2	0.667	0	0			0	1	1.00	0	0.00	F		6/26/2004	104.5			5
130	9	Brook Geraghty	0.00	0.11	0.00	0	0	5	9	1	-0.56	0.00	0	0	7	0	-0.56	0.00	3	18	1	1	0.00	1.00	0.00	0	0	0	0	0	0	#DIV/0!	0	0	1	0	1	0	0.000	0	0			0	1	1.00	0	0.00	M		6/26/2004	104.5			5
131	10	Tom Westman	6.66	13.60	0.49	4	6	0	41	7	0.86	6.00	7	6	7	0.86	2.20	17.81	39	1	1	1	0.86	0.14	12.66	2	0	8	5	10	5	0.50	8	4	7	4	15	8	0.533	0	0			0	0	0.00	2	1.00	F	6/24/1977	3/13/2000	22.7			0
132	10	Katie Gallagher	1.00	13.60	0.07	7	6	1	40	6	1.00	5.60	5	1	7	0.14	1.21	7.46	39	2	1	0	1.00	0.00	6.60	2	0	8	0	10	0	0.00	8	3	7	4	15	7	0.467	0	0			0	1	0.17	5	0.83	F	8/17/1961	3/13/2000	38.6			1
133	10	Ian Rosenberger	5.50	13.60	0.40	5	6	4	41	6	0.98	3.50	4	0	7	0	1.39	9.00	38	3	1	0	1.00	0.00	9.00	2	1	8	3	10	4	0.40	8	2	7	3	15	5	0.333	0	0			0	2	0.33	0	0.00	F	12/6/1976	3/13/2000	23.3			4
134	10	Jenn Lyon	1.19	12.60	0.09	6	4	2	40	6	0.66	3.11	5	0	7	0	0.75	4.30	37	4	1	2	0.67	0.33	4.30	2	0	7	0	9	0	0.00	8	4	7	5	15	9	0.600	0	0			0	1	0.17	5	0.83	F	7/16/1977	3/13/2000	22.7			2
135	10	Caryn Groedel	1.30	11.60	0.11	6	4	7	36	5	0.76	2.04	2	0	7	0	0.87	3.33	36	5	1	1	0.80	0.20	3.33	2	0	6	0	8	0	0.00	8	2	7	5	15	7	0.467	0	0			0	3	0.60	2	0.40	F	2/7/1962	3/13/2000	38.1			7
136	10	Gregg Carey	3.00	9.60	0.31	3	3	4	31	4	0.72	2.63	3	0	7	0	1.03	5.62	33	6	1	1	0.75	0.25	5.62	1	1	5	0	6	1	0.17	7	3	7	0	14	3	0.214	0	0			0	1	0.25	2	0.50	M	1/9/1977	11/1/2004	27.8			4
137	10	Stephenie LaGrossa	0.52	7.60	0.07	0	6	8	58	9	0.65	1.56	6	0	7	0	0.72	2.07	30	7	1	3	0.67	0.33	2.07	0	0	4	0	4	0	0.00	8	3	7	4	15	7	0.467	0	0			0	3	0.33	6	0.67	F	12/6/1979	11/1/2004	24.9			8
138	10	Janu Tornell*	1.24	6.60	0.19	7	1	9	26	3	0.22	0.72	1	0	7	0	0.41	1.95	27	8	1	2	0.33	0.67	1.95	0	0	3	0	3	0	0.00	8	3	7	1	15	3	0.200	0	0			0	2	0.67	1	0.33	F		11/1/2004	39			9
139	10	Coby Archa	1.58	5.35	0.30	4	1	7	18	2	0.31	1.27	1	0	7	0	0.60	2.85	24	9	1	1	0.50	0.50	2.85	0	0	2	0	2	0	0.00	7	2	7	6	14	8	0.571	0	0			0	1	0.50	1	0.50	M	9/8/1972	11/1/2004	32.1			7
140	10	Bobby Jon Drinkard	0.52	4.35	0.12	0	5	2	42	7	0.71	3.33	6	0	7	0	0.83	3.85	21	10	1	2	0.71	0.29	3.85	0	0	1	0	1	0	0.00	5	3	5	0	10	3	0.300	0	0			0	1	0.14	6	0.86	M	5/10/1977	11/1/2004	27.5			2
141	10	Ibrehem Rahman	0.52	3.35	0.15	0	3	4	42	7	0.41	1.50	5	0	7	0	0.57	2.02	15	11	1	4	0.43	0.57	2.02	0	0	1	0	1	0	0.00	4	2	4	0	8	2	0.250	0	0			0	2	0.29	5	0.71	M	3/4/1977	11/1/2004	27.7			4
142	10	James Miller	0.52	2.68	0.19	0	4	5	39	6	0.65	2.07	2	0	7	0	0.84	2.59	15	12	1	2	0.67	0.33	2.59	0	0	1	0	1	0	0.00	2	2	3	0	5	2	0.400	0	0			0	4	0.67	2	0.33	M	7/8/1971	11/1/2004	33.3			5
143	10	Angie Jakusz	0.27	2.18	0.12	0	4	5	35	5	0.77	2.49	3	0	7	0	0.89	2.76	12	13	1	1	0.80	0.20	2.76	0	0	1	0	1	0	0.00	8	2	7	5	15	7	0.467	0	0			2	2	0.40	3	0.60	F	3/27/1980	11/1/2004	24.6			5
144	10	Willard Smith	0.55	2.18	0.25	4	0	8	9	1	-0.89	0.00	0	0	7	0	-0.64	0.55	12	14	1	1	0.00	1.00	0.55	0	0	1	0	1	0	0.00	6	3	6	0	12	3	0.250	0	0			0	1	1.00	0	0.00	M	11/30/1947	11/1/2004	56.9			8
145	10	Kim Mullen	0.27	1.98	0.14	0	3	8	30	4	0.68	1.75	1	0	7	0	0.82	2.02	11	15	1	1	0.75	0.25	2.02	0	0	1	0	1	0	0.00	3	2	4	0	7	2	0.286	0	0			0	3	0.75	1	0.25	F	3/13/1979	11/1/2004	25.6			8
146	10	Jeff Wilson	0.27	1.65	0.16	0	2	5	24	3	0.60	2.07	1	0	7	0	0.76	2.34	8	16	1	1	0.67	0.33	2.34	0	0	1	0	1	0	0.00	1	1	2	0	3	1	0.333	0	0			0	2	0.67	1	0.33	M	2/9/1983	11/1/2004	21.7			5
147	10	Ashlee Ashby	0.13	1.36	0.09	0	1	6	17	2	0.32	1.40	1	0	7	0	0.42	1.53	6	17	1	1	0.50	0.50	1.53	0	0	1	0	1	0	0.00	0	0	1	0	1	0	0.000	0	0			0	1	0.50	1	0.50	F	5/2/1982	11/1/2004	22.5			6
148	10	Jolanda Jones	1.00	1.11	0.90	0	0	6	9	1	-0.67	0.00	0	0	7	0	0.23	1.00	3	18	1	1	0.00	1.00	1.00	0	0	1	1	1	1	1.00	4	1	4	3	8	4	0.500	0	0			0	1	1.00	-1	#DIV/0!	F	11/6/1965	11/1/2004	39.0			6
149	10	Wanda Shirk	0.00	1.00	0.00	0	0	0	0	0	0.00	#DIV/0!	0	0	7	0	0.00	#DIV/0!	2	19	1	0	#DIV/0!	#DIV/0!	#DIV/0!	0	0	1	0	1	0	0.00	0	0	0	0	0	0	#DIV/0!	0	0			0	0	#DIV/0!	0	#DIV/0!	F	8/24/1949	11/1/2004	55.2			0
150	10	Jonathan Libby	0.00	1.00	0.00	0	0	0	0	0	0.00	#DIV/0!	0	0	7	0	0.00	#DIV/0!	2	20	1	0	#DIV/0!	#DIV/0!	#DIV/0!	0	0	1	0	1	0	0.00	0	0	0	0	0	0	#DIV/0!	0	0			0	0	#DIV/0!	0	#DIV/0!	M	9/5/1981	11/1/2004	23.2			0
151	11	Danni Boatwright	3.35	12.97	0.26	0	10	1	77	12	0.83	4.67	11	6	7	0.86	1.95	13.16	39	1	1	2	0.83	0.17	8.01	3	0	8	2	11	2	0.18	7	6	6	3	13	9	0.692	0	0			0	1	0.08	9	0.90	F	7/13/1975	6/27/2005	30.0			1
137	11	Stephenie LaGrossa	1.87	13.97	0.13	1	11	2	81	11	1.00	4.67	10	1	7	0.14	1.27	7.39	39	2	2	0	1.00	0.00	6.54	3	0	9	1	12	1	0.08	7	2	6	3	13	5	0.385	0	0			0	1	0.09	9	0.90	F	12/6/1979	6/27/2005	25.6			2
152	11	Rafe Judkins	4.62	13.97	0.33	1	11	2	81	11	1.00	4.67	10	0	7	0	1.33	9.29	39	3	1	0	1.00	0.00	9.29	3	0	9	4	12	4	0.33	7	1	6	3	13	4	0.308	0	0			0	1	0.09	6	0.86	M	1/8/1983	6/27/2005	22.5			2
153	11	Lydia Morales	0.25	12.97	0.02	4	10	10	81	11	0.90	1.82	6	0	7	0	0.92	2.07	39	4	1	1	0.91	0.09	2.07	3	0	8	0	11	0	0.00	7	0	6	2	13	2	0.154	0	0			0	5	0.45	6	0.55	F	1/19/1963	6/27/2005	42.4			10
154	11	Cindy Hall	3.12	11.97	0.26	0	6	6	69	9	0.66	1.87	6	0	7	0	0.92	4.99	36	5	1	3	0.67	0.33	4.99	3	2	7	0	10	2	0.20	7	4	6	4	13	8	0.615	0	0			0	3	0.33	4	0.44	F	6/28/1974	6/27/2005	31.0			6
155	11	Judd Sergeant	2.37	9.97	0.24	1	6	5	64	8	0.74	2.33	6	0	7	0	0.98	4.70	33	6	1	2	0.75	0.25	4.70	2	1	6	0	8	1	0.13	7	5	6	4	13	9	0.692	0	0			0	2	0.25	5	0.63	M	9/13/1970	6/27/2005	34.8			5
156	11	Gary Hogeboom	1.85	7.97	0.23	0	6	8	69	9	0.65	1.56	7	0	7	0	0.89	3.40	30	7	1	3	0.67	0.33	3.40	2	0	4	1	6	1	0.17	7	3	6	2	13	5	0.385	0	0			0	2	0.22	6	0.75	M	8/21/1958	6/27/2005	46.9			8
157	11	Jamie Newton	1.62	6.97	0.23	1	6	10	59	7	0.83	1.71	5	0	7	0	1.07	3.33	27	8	1	1	0.86	0.14	3.33	1	0	4	1	5	1	0.20	7	1	6	3	13	4	0.308	0	0			0	2	0.29	4	0.67	M	1/26/1981	6/27/2005	24.4			10
140	11	Bobby Jon Drinkard	1.10	4.72	0.23	0	4	8	46	6	0.64	1.56	3	0	7	0	0.87	2.65	24	9	2	2	0.67	0.33	2.65	1	0	2	0	3	0	0.00	6	5	6	3	12	8	0.667	0	0			0	3	0.50	3	0.50	M	5/10/1977	6/27/2005	28.1			8
158	11	Brandon Bellinger	1.10	2.72	0.40	0	3	6	37	5	0.57	1.68	4	0	7	0	0.97	2.78	21	10	1	2	0.60	0.40	2.78	0	0	1	0	1	0	0.00	6	5	6	3	12	8	0.667	0	0			0	1	0.20	4	0.80	M	1/22/1983	6/27/2005	22.4			6
159	11	Amy O'Hara	0.60	1.72	0.35	1	4	4	35	5	0.78	2.80	4	0	7	0	1.12	3.40	18	11	1	1	0.80	0.20	3.40	0	0	0	0	0	0	#DIV/0!	6	2	6	2	12	4	0.333	0	0			0	1	0.20	4	0.80	F	11/2/1965	6/27/2005	39.6			4
160	11	Brian Corridan	0.40	1.32	0.30	0	3	7	30	4	0.69	1.91	2	0	7	0	0.99	2.31	15	12	1	1	0.75	0.25	2.31	0	0	0	0	0	0	#DIV/0!	5	1	5	2	10	3	0.300	0	0			0	2	0.50	2	0.50	M	2/10/1983	6/27/2005	22.4			7
161	11	Margaret Bobonich	0.92	2.32	0.40	0	1	7	24	3	0.24	0.85	1	0	7	0	0.63	1.77	15	13	1	2	0.33	0.67	1.77	0	0	1	0	1	0	0.00	5	4	5	3	10	7	0.700	0	0			0	2	0.67	1	0.33	F	6/5/1962	6/27/2005	43.1			7
162	11	Blake Towsley	0.90	1.15	0.78	0	1	5	16	2	0.34	1.56	1	0	7	0	1.12	2.45	14	14	1	1	0.50	0.50	2.45	0	0	0	0	0	0	#DIV/0!	4	4	5	3	9	7	0.778	0	0			0	1	0.50	1	0.50	M	5/5/1981	6/27/2005	24.1			5
163	11	Brooke Struck	0.61	0.87	0.71	0	1	5	17	2	0.35	1.56	1	0	7	0	1.06	2.17	11	15	1	1	0.50	0.50	2.17	0	0	0	0	0	0	#DIV/0!	3	3	4	2	7	5	0.714	0	0			0	1	0.50	1	0.50	F	7/30/1979	6/27/2005	25.9			5
164	11	Brianna Varela	0.11	0.72	0.15	1	1	7	17	2	0.29	1.27	1	0	7	0	0.45	1.38	8	16	1	1	0.50	0.50	1.38	0	0	0	0	0	0	#DIV/0!	3	0	3	1	6	1	0.167	0	0			0	1	0.50	1	0.50	F	10/29/1983	6/27/2005	21.7			7
165	11	Morgan McDevitt	0.11	0.47	0.24	0	0	8	9	1	-0.89	0.00	0	0	7	0	-0.65	0.11	6	17	1	1	0.00	1.00	0.11	0	0	0	0	0	0	#DIV/0!	2	0	2	1	4	1	0.250	0	0			0	1	1.00	0	0.00	F	11/24/1983	6/27/2005	21.6			8
166	11	Jim Lynch	0.11	0.22	0.50	0	0	8	9	1	-0.89	0.00	0	0	7	0	-0.39	0.11	3	18	1	1	0.00	1.00	0.11	0	0	0	0	0	0	#DIV/0!	1	1	1	0	2	1	0.500	0	0			0	1	1.00	0	0.00	M	1/7/1942	6/27/2005	63.5			8
167	12	Aras Baskauskas	3.27	13.67	0.24	0	6	9	56	8	0.73	1.62	3	5	7	0.71	1.68	9.17	39	1	1	2	0.75	0.25	4.89	4	1	7	1	11	2	0.18	7	3	6	3	13	6	0.481	0	1			4	5	0.63	1	0.14	M	9/26/1981	10/31/2005	24.1			9
168	12	Danielle DiLorenzo	2.26	15.17	0.15	2	9	4	57	9	0.99	3.50	6	2	7	0.29	1.43	7.47	39	2	1	0	1.00	0.00	5.76	4	0	7	1	11	1	0.09	7	2	6	4	13	6	0.462	0	0	1	0	6	3	0.33	5	0.63	F	6/3/1981	10/31/2005	24.4			4
169	12	Terry Deitz	9.84	15.17	0.65	0	4	1	59	9	0.44	2.49	9	0	7	0	1.09	12.33	38	3	1	5	0.44	0.56	12.33	4	2	7	5	11	7	0.64	7	4	6	2	13	6	0.500	1	0	1	1	8	0	0.00	2	0.50	M	10/10/1959	10/31/2005	46.1			1
170	12	Cirie Fields	1.71	11.67	0.15	3	7	3	60	9	0.77	3.11	7	0	7	0	0.92	4.82	36	4	1	2	0.78	0.22	4.82	3	1	6	0	9	1	0.11	7	1	6	3	13	4	0.308	0	0			0	2	0.22	6	0.67	F	7/18/1970	10/31/2005	35.3			3
171	12	Shane Powers	1.00	9.67	0.10	1	4	9	52	7	0.55	1.23	4	0	7	0	0.65	2.23	33	5	1	3	0.57	0.43	2.23	2	0	5	0	7	0	0.00	7	2	6	3	13	5	0.423	1	0			0	3	0.43	4	0.57	M	11/28/1970	10/31/2005	34.9			9
172	12	Courtney Marit	1.31	8.67	0.15	3	5	4	47	6	0.82	2.92	4	0	7	0	0.97	4.23	30	6	1	1	0.83	0.17	4.23	1	0	4	0	5	0	0.00	7	3	6	3	13	6	0.462	0	0			0	2	0.33	4	0.67	F	5/24/1974	10/31/2005	31.4			4
173	12	Bruce Kanegai*	1.58	6.05	0.26	2	3	9	41	5	0.56	1.29	3	0	7	0	0.82	2.88	25	7	1	2	0.60	0.40	2.88	1	0	3	0	4	0	0.00	5	4	5	3	10	7	0.750	1	0			4	2	0.40	3	0.60	M	12/17/1947	10/31/2005	57.9			9
174	12	Sally Schumann	1.46	5.34	0.27	0	1	8	40	5	0.16	0.47	3	0	7	0	0.43	1.93	24	8	1	4	0.20	0.80	1.93	0	0	3	0	3	0	0.00	6	4	6	3	12	7	0.583	0	0			1	2	0.40	3	0.60	F	12/10/1978	10/31/2005	26.9			8
175	12	Austin Carty	0.94	4.59	0.21	0	3	7	36	5	0.56	1.53	3	0	7	0	0.77	2.47	21	9	1	2	0.60	0.40	2.47	0	0	2	0	2	0	0.00	5	2	6	2	11	4	0.386	0	1	1	0	2	2	0.40	3	0.60	M	4/29/1981	10/31/2005	24.5			7
176	12	Nick Stanbury	0.69	2.75	0.25	0	3	6	27	4	0.69	2.10	3	0	7	0	0.95	2.79	18	10	1	1	0.75	0.25	2.79	0	0	1	0	1	0	0.00	4	2	6	2	10	4	0.425	0	1			0	1	0.25	3	0.75	M	7/21/1980	10/31/2005	25.3			6
177	12	Dan Barry	0.75	1.75	0.43	0	1	3	17	3	0.27	1.33	2	0	7	0	0.70	2.09	15	11	1	2	0.33	0.67	2.09	0	0	0	0	0	0	#DIV/0!	4	2	6	2	10	4	0.450	1	0			0	1	0.33	2	0.67	M	12/30/1953	10/31/2005	51.8			3
178	12	Bob Dawg Mason	0.57	1.55	0.37	1	1	3	14	2	0.39	2.00	1	0	7	0	0.76	2.57	14	12	1	1	0.50	0.50	2.57	0	0	0	0	0	0	#DIV/0!	4	2	5	1	9	3	0.361	0	1			0	1	0.50	1	0.50	M	8/21/1972	10/31/2005	33.2			3
179	12	Ruth Marie Milliman	0.55	1.65	0.33	0	2	6	17	3	0.55	1.87	1	0	7	0	0.88	2.42	11	13	1	1	0.67	0.33	2.42	0	0	0	0	0	0	#DIV/0!	3	2	4	1	7	3	0.429	0	0	1	0	0	2	0.67	1	0.33	F	4/11/1957	10/31/2005	48.6			6
180	12	Misty Giles	0.68	0.82	0.83	0	0	5	7	1	-0.71	0.00	0	0	7	0	0.11	0.68	8	14	1	1	0.00	1.00	0.68	0	0	0	0	0	0	#DIV/0!	2	2	3	2	5	4	0.800	0	0			2	1	1.00	0	0.00	F	2/25/1981	10/31/2005	24.7			5
181	12	Melinda Hyder	0.00	0.54	0.00	0	1	5	11	2	0.27	1.56	1	0	7	0	0.27	1.56	6	15	1	1	0.50	0.50	1.56	0	0	0	0	0	0	#DIV/0!	1	0	2	0	3	0	0.000	0	0			0	1	0.50	1	0.50	F	5/23/1973	10/31/2005	32.4			5
182	12	Tina Scheer	0.00	0.25	0.00	0	0	3	4	1	-0.75	0.00	0	0	7	0	-0.75	0.00	3	16	1	1	0.00	1.00	0.00	0	0	0	0	0	0	#DIV/0!	0	0	1	0	1	0	0.000	0	0			0	1	1.00	0	0.00	F	11/17/1960	10/31/2005	45.0			3
183	13	Yul Kwon	2.42	10.57	0.229	0	9	5	62	9	0.99	3.11	6	5	9	0.56	1.78	8.86	39	1	1	0	1.00	0.00	5.53	2	0	6	0	8	0	0.00	6	5	8	6	14	11	0.786	0	0			1	3	0.33	6	0.67	M	2/14/1975	6/26/2006	31.4			5
184	13	Ozzy Lusth	7.82	10.57	0.740	0	8	1	67	10	0.80	4.48	9	4	9	0.44	1.98	14.96	39	2	1	2	0.80	0.20	12.30	2	1	6	5	8	6	0.75	6	5	8	4	14	9	0.679	1	0			0	1	0.10	3	0.60	M	8/23/1981	6/26/2006	24.8			1
185	13	Becky Lee	2.17	10.57	0.205	0	9	5	62	9	0.99	3.11	7	0	9	0	1.20	5.28	39	3	1	0	1.00	0.00	5.28	2	0	6	0	8	0	0.00	6	5	8	6	14	11	0.786	0	0			0	2	0.22	7	0.78	F	9/11/1977	6/26/2006	28.8			5
186	13	Sundra Oakley	1.58	10.57	0.150	1	8	6	67	10	0.79	2.24	7	0	9	0	0.94	3.82	38	4	1	2	0.80	0.20	3.82	2	0	6	0	8	0	0.00	6	4	8	4	14	8	0.589	0	1			0	3	0.30	7	0.70	F	1/2/1975	6/26/2006	31.5			6
187	13	Adam Gentry	1.45	9.57	0.152	3	7	5	79	11	0.63	1.98	9	0	9	0	0.78	3.43	37	5	1	4	0.64	0.36	3.43	2	0	5	1	7	1	0.14	6	1	8	2	14	3	0.232	0	1			5	2	0.18	8	0.80	M	8/21/1978	6/26/2006	27.8			5
188	13	Parvati Shallow	2.20	8.57	0.257	2	7	4	74	10	0.69	2.45	9	0	9	0	0.95	4.65	36	6	1	3	0.70	0.30	4.65	2	1	4	0	6	1	0.17	6	1	8	3	14	4	0.304	0	1			0	1	0.10	8	0.80	F	9/21/1982	6/26/2006	23.8			4
189	13	Jonathan Penner	1.02	6.57	0.155	2	8	15	68	9	0.86	1.31	2	0	9	0	1.02	2.33	33	7	1	1	0.89	0.11	2.33	1	0	3	0	4	0	0.00	6	3	8	3	14	6	0.446	0	1			5	7	0.78	2	0.22	M	3/5/1962	6/26/2006	44.3			15
190	13	Candice Woodcock	1.02	4.57	0.223	2	5	6	53	7	0.70	2.00	5	0	9	0	0.92	3.02	30	8	1	2	0.71	0.29	3.02	0	0	2	0	2	0	0.00	6	3	8	3	14	6	0.446	0	1			5	2	0.29	5	0.71	F	11/12/1982	6/26/2006	23.6			6
191	13	Nate Gonzalez	0.47	3.57	0.130	3	3	5	52	7	0.41	1.33	6	0	9	0	0.55	1.80	27	9	1	4	0.43	0.57	1.80	0	0	1	0	1	0	0.00	6	1	8	2	14	3	0.232	0	1			0	1	0.14	6	0.86	M	7/26/1980	6/26/2006	25.9			5
192	13	Jenny Guzon-Bae	0.60	2.57	0.234	3	5	6	44	6	0.81	2.33	4	0	9	0	1.05	2.94	24	10	1	1	0.83	0.17	2.94	0	0	0	0	0	0	#DIV/0!	6	1	8	4	14	5	0.357	0	0			0	2	0.33	4	0.67	F	5/8/1970	6/26/2006	36.1			6
193	13	Rebecca Borman	0.47	2.57	0.181	2	5	6	43	6	0.81	2.33	5	0	9	0	0.99	2.80	24	11	1	1	0.83	0.17	2.80	0	0	0	0	0	0	#DIV/0!	6	1	8	2	14	3	0.232	0	1			0	1	0.17	5	0.83	F	8/31/1971	6/26/2006	34.8			6
194	13	Brad Virata	0.85	2.07	0.412	1	2	7	31	4	0.44	1.27	3	0	9	0	0.86	2.13	21	12	1	2	0.50	0.50	2.13	0	0	0	0	0	0	#DIV/0!	5	1	7	4	12	5	0.417	0	0			0	1	0.25	3	0.75	M	11/23/1976	6/26/2006	29.6			7
195	13	Jessica 'Flica' Smith	0.82	1.57	0.521	1	1	6	23	3	0.25	0.93	2	0	9	0	0.77	1.75	18	13	1	2	0.33	0.67	1.75	0	0	0	0	0	0	#DIV/0!	4	2	6	3	10	5	0.525	0	1			0	1	0.33	2	0.67	F	1/22/1979	6/26/2006	27.4			6
196	13	Cristina Coria	0.34	1.20	0.279	1	3	5	28	4	0.71	2.33	2	0	9	0	0.98	2.67	15	14	1	1	0.75	0.25	2.67	0	0	0	0	0	0	#DIV/0!	3	1	5	1	8	2	0.313	1	0			0	2	0.50	2	0.50	F	4/18/1971	6/26/2006	35.2			5
197	13	Anh-Tuan 'Cao Boi' Bui	0.83	1.20	0.685	1	1	6	16	2	0.31	1.40	1	0	9	0	1.00	2.23	15	15	1	1	0.50	0.50	2.23	0	0	0	0	0	0	#DIV/0!	3	1	5	4	8	5	0.625	0	0			0	1	0.50	1	0.50	M	4/10/1964	6/26/2006	42.2			6
198	13	Stephannie Favor	0.30	1.06	0.281	1	2	9	22	3	0.53	1.44	1	0	9	0	0.81	1.73	14	16	1	1	0.67	0.33	1.73	0	0	0	0	0	0	#DIV/0!	2	1	5	1	7	2	0.321	0	1			0	2	0.67	1	0.33	F	7/12/1970	6/26/2006	36.0			9
199	13	J.P. Calderon	0.21	0.81	0.260	1	1	7	14	2	0.25	1.27	1	0	9	0	0.51	1.48	11	17	1	1	0.50	0.50	1.48	0	0	0	0	0	0	#DIV/0!	1	0	4	1	5	1	0.300	1	0			0	1	0.50	1	0.50	M	9/5/1975	6/26/2006	30.8			7
200	13	Cecilia Mansilla	0.10	0.56	0.178	0	1	6	13	2	0.27	1.40	1	0	9	0	0.45	1.50	8	18	1	1	0.50	0.50	1.50	0	0	0	0	0	0	#DIV/0!	0	0	3	0	3	0	0.167	1	0			0	1	0.50	1	0.50	F	1/13/1977	6/26/2006	29.4			6
201	13	Billy Garcia	0.10	0.45	0.222	0	0	4	5	1	-0.80	0.00	0	0	9	0	-0.58	0.10	6	19	1	1	0.00	1.00	0.10	0	0	0	0	0	0	#DIV/0!	0	0	2	0	2	0	0.250	1	0			0	1	1.00	0	0.00	M	4/22/1970	6/26/2006	36.2			4
202	13	Sekou Bunch	0.00	0.20	0.000	0	0	3	5	1	-0.60	0.00	0	0	9	0	-0.60	0.00	3	20	1	1	0.00	1.00	0.00	0	0	0	0	0	0	#DIV/0!	0	0	1	0	1	0	0.000	0	0			0	1	1.00	0	0.00	M	9/9/1960	6/26/2006	45.8			3
203	14	Earl Cole	1.18	10.73	0.11	0	8	1	63	9	0.89	4.98	8	9	9	1.00	2.00	12.16	39	1	1	1	0.89	0.11	6.16	2	0	6	0	8	0	0.00	7	2	9	4	16	6	0.375	0	0			6	1	0.11	8	0.89	M	4/9/1971	2/8/2007	35.8			1
204	14	Cassandra Franklin	2.62	10.71	0.24	2	5	5	47	7	0.70	2.22	4	0	9	0.00	0.94	4.84	39	2	1	2	0.71	0.29	4.84	2	1	6	0	8	1	0.13	7	3	9	8	16	11	0.688	0	0			0	3	0.43	3	0.43	F	4/19/1964	2/8/2007	42.8			5
205	14	Dreamz Herd	2.82	10.71	0.26	0	9	2	69	11	0.82	3.82	9	0	9	0.00	1.08	6.64	39	2	1	2	0.82	0.18	6.64	2	0	6	1	8	1	0.13	7	5	9	5	16	10	0.625	0	0			0	2	0.18	8	0.80	M	12/15/1981	2/8/2007	25.1			2
206	14	Yau-Man Chan	4.44	11.73	0.38	1	8	5	71	10	0.79	2.49	6	0	9	0	1.17	6.93	38	4	1	2	0.80	0.20	6.93	3	1	6	2	9	3	0.33	7	1	9	4	16	5	0.313	0	0			4	4	0.40	3	0.38	M	8/26/1952	2/8/2007	54.5		4	9
207	14	Boo Bernis	5.30	10.71	0.49	0	4	5	43	6	0.65	2.07	4	0	9	0	1.14	7.37	37	5	1	2	0.67	0.33	7.37	3	1	5	2	8	3	0.38	7	5	9	9	16	14	0.875	0	0			2	2	0.33	1	0.25	M	6/21/1972	2/8/2007	34.6			5
208	14	Stacy Kimball	3.35	9.71	0.34	0	4	4	43	6	0.65	2.33	4	0	9	0	1.00	5.68	36	6	1	2	0.67	0.33	5.68	3	0	4	1	7	1	0.14	7	6	9	8	16	14	0.875	0	0			0	2	0.33	3	0.60	F	10/1/1979	2/8/2007	27.4			4
209	14	Alex Angarita	1.45	7.38	0.20	0	6	9	54	8	0.73	1.62	6	0	9	0	0.93	3.06	33	7	1	2	0.75	0.25	3.06	2	0	3	0	5	0	0.00	6	5	9	5	15	10	0.667	0	0			0	2	0.25	6	0.75	M	4/20/1978	2/8/2007	28.8			9
210	14	Mookie Lee	0.17	5.39	0.03	0	5	6	71	10	0.49	1.40	7	0	9	0	0.52	1.57	30	8	1	5	0.50	0.50	1.57	1	0	2	0	3	0	0.00	6	1	9	0	15	1	0.067	0	0			2	3	0.30	7	0.70	M	11/10/1981	2/8/2007	25.2			6
211	14	Edgardo Rivera	1.40	4.13	0.34	0	4	5	34	5	0.77	2.49	4	0	9	0	1.11	3.89	27	9	1	1	0.80	0.20	3.89	1	0	1	0	2	0	0.00	5	4	9	6	14	10	0.714	0	0			0	1	0.20	4	0.80	M	10/5/1978	2/8/2007	28.3			5
212	14	Michelle Yi	0.73	2.14	0.34	0	3	3	37	5	0.58	2.40	4	0	9	0	0.93	3.13	24	10	1	2	0.60	0.40	3.13	0	0	0	0	0	0	#DIV/0!	5	1	9	3	14	4	0.286	0	0			0	1	0.20	4	0.80	F	12/2/1983	2/8/2007	23.2			3
213	14	Lisi Linares	0.93	1.76	0.53	2	2	7	19	3	0.54	1.70	0	0	9	0	1.07	2.63	21	11	1	1	0.67	0.33	2.63	0	0	0	0	0	0	#DIV/0!	5	3	7	4	12	7	0.583	0	0			3	3	1.00	0	0.00	F	6/9/1970	2/8/2007	36.7			7
214	14	Rocky Reid	0.17	1.54	0.11	0	3	5	44	6	0.48	1.56	3	0	9	0	0.59	1.72	19	12	1	3	0.50	0.50	1.72	0	0	0	0	0	0	#DIV/0!	4	1	7	0	11	1	0.091	0	0			0	3	0.50	3	0.50	M	9/11/1978	2/8/2007	28.4			5
215	14	Anthony Robinson	0.00	1.21	0.00	0	3	10	38	5	0.55	1.20	2	0	9	0	0.55	1.20	16	13	1	2	0.60	0.40	1.20	0	0	0	0	0	0	#DIV/0!	3	0	6	0	9	0	0.000	0	0			0	3	0.60	2	0.40	M	6/25/1974	2/8/2007	32.6			10
216	14	Rita Verreos	0.00	1.04	0.00	0	2	6	32	4	0.45	1.40	2	0	9	0	0.45	1.40	14	14	1	2	0.50	0.50	1.40	0	0	0	0	0	0	#DIV/0!	3	0	5	0	8	0	0.000	0	0			0	2	0.50	2	0.50	F	7/19/1968	2/8/2007	38.6			6
217	14	Liliana Gomez	0.74	0.74	1.00	0	0	6	8	1	-0.75	0.00	0	0	9	0	0.25	0.74	11	15	1	1	0.00	1.00	0.74	0	0	0	0	0	0	#DIV/0!	2	2	4	4	6	6	1.000	0	0			0	1	1.00	0	0.00	F	4/5/1981	2/8/2007	25.8			6
218	14	Gary Stritesky*	0.46	0.60	0.76	1	0	9	9	1	-1.00	0.00	0	0	9	0	-0.24	0.46	10	16	1	1	0.00	1.00	0.46	0	0	0	0	0	0	#DIV/0!	2	1	3	3	5	4	0.800	0	0			0	1	1.00	0	0.00	M	9/16/1951	2/8/2007	55.4			9
219	14	Sylvia Kwan	0.00	0.36	0.00	0	1	6	16	2	0.31	1.40	0	0	9	0	0.31	1.40	8	17	1	1	0.50	0.50	1.40	0	0	0	0	0	0	#DIV/0!	1	0	2	0	3	0	0.000	0	0			3	2	1.00	0	0.00	F	8/18/1954	2/8/2007	52.5			6
220	14	Erica Durousseau	0.00	0.22	0.00	0	0	6	17	2	-0.18	0.00	1	0	9	0	-0.18	0.00	6	18	1	2	0.00	1.00	0.00	0	0	0	0	0	0	#DIV/0!	0	0	2	0	2	0	0.000	0	0			0	1	0.50	1	0.50	F	12/11/1979	2/8/2007	27.8			6
221	14	Jessica DeBen	0.00	0.11	0.00	0	0	6	9	1	-0.67	0.00	0	0	9	0	-0.67	0.00	3	19	1	1	0.00	1.00	0.00	0	0	0	0	0	0	#DIV/0!	0	0	1	0	1	0	0.000	0	0			0	1	1.00	0	0.00	F	4/25/1979	2/8/2007	27.8			6
222	15	Todd Herzog	1.33	13.30	0.10	4	9	5	64	9	0.99	3.11	5	4	7	0.57	1.66	7.86	39	1	1	0	1.00	0.00	4.44	4	0	7	0	11	0	0.00	6	3	6	4	12	7	0.583	0	0			0	4	0.44	5	0.56	M	1/29/1985	6/25/2007	22.4			5
223	15	Courtney Yates	1.68	13.30	0.13	6	7	0	64	9	0.78	5.44	9	2	7	0.29	1.19	8.84	39	2	1	2	0.78	0.22	7.13	4	0	7	1	11	1	0.09	6	2	6	2	12	4	0.333	0	0			0	0	0.00	8	1.00	F	3/26/1981	6/25/2007	26.2			0
224	15	Amanda Kimmel	4.27	13.30	0.32	2	9	0	64	9	1.00	7.00	9	1	7	0.14	1.46	12.13	39	3	1	0	1.00	0.00	11.27	4	1	7	2	11	3	0.27	6	4	6	3	12	7	0.583	0	0			0	0	0.00	6	0.86	F	8/3/1984	6/25/2007	22.9			0
225	15	Denise Martin	2.97	13.30	0.22	4	7	3	64	9	0.77	3.11	8	0	7	0	1.00	6.08	39	4	1	2	0.78	0.22	6.08	4	2	7	0	11	2	0.18	6	2	6	4	12	6	0.500	0	0			0	1	0.11	6	0.67	F	5/5/1967	6/25/2007	40.1			3
226	15	Peih-Gee Law	3.58	11.30	0.32	0	5	8	71	10	0.49	1.17	5	0	7	0	0.81	4.75	36	5	1	5	0.50	0.50	4.75	3	1	6	2	9	3	0.33	6	1	6	2	12	3	0.250	0	0			0	5	0.50	2	0.25	F	4/7/1978	6/25/2007	29.2			8
227	15	Erik Huffman	1.83	9.30	0.20	0	6	5	66	9	0.66	2.07	7	0	7	0	0.86	3.91	33	6	1	3	0.67	0.33	3.91	2	0	5	1	7	1	0.14	6	2	6	2	12	4	0.333	0	0			0	2	0.22	6	0.75	M	1/31/1981	6/25/2007	26.4			5
228	15	James Clement	1.27	7.30	0.17	1	4	9	47	6	0.63	1.44	3	0	7	0	0.81	2.70	30	7	1	2	0.67	0.33	2.70	1	0	4	0	5	0	0.00	6	3	6	4	12	7	0.583	0	0			0	3	0.50	3	0.50	M	3/9/1977	6/25/2007	30.3			9
229	15	Frosti Zernow	2.03	5.30	0.38	0	6	7	55	7	0.84	2.18	6	0	7	0	1.22	4.22	27	8	1	1	0.86	0.14	4.22	0	0	3	1	3	1	0.33	6	3	6	2	12	5	0.417	0	0			0	1	0.14	5	0.83	M	2/15/1987	6/25/2007	20.4			7
230	15	Jean-Robert Bellande	1.30	4.05	0.32	2	3	12	34	4	0.66	1.31	0	0	7	0	0.98	2.61	24	9	1	1	0.75	0.25	2.61	0	0	2	0	2	0	0.00	5	4	6	3	11	7	0.636	0	0			0	4	1.00	0	0.00	M	9/17/1970	6/25/2007	36.8			12
231	15	Jaime Dugan	0.58	2.80	0.21	1	4	7	36	5	0.76	2.04	4	0	7	0	0.97	2.62	21	10	1	1	0.80	0.20	2.62	0	0	1	0	1	0	0.00	4	1	6	2	10	3	0.300	0	0			0	1	0.20	4	0.80	F	6/30/1985	6/25/2007	22.0			7
232	15	Sherea Lloyd	0.78	1.80	0.43	1	3	6	28	4	0.70	2.10	2	0	7	0	1.13	2.88	18	11	1	1	0.75	0.25	2.88	0	0	0	0	0	0	#DIV/0!	4	2	6	2	10	4	0.400	0	0			0	2	0.50	2	0.50	F	7/31/1981	6/25/2007	25.9			6
233	15	Aaron Reisberger	0.97	1.30	0.74	0	1	3	13	2	0.38	2.00	1	0	7	0	1.13	2.97	15	12	1	1	0.50	0.50	2.97	0	0	0	0	0	0	#DIV/0!	3	2	5	3	8	5	0.625	0	0			0	1	0.50	1	0.50	M	4/25/1975	6/25/2007	32.2			3
234	15	Dave Cruser	0.33	1.10	0.30	0	1	6	21	3	0.24	0.93	1	0	7	0	0.54	1.27	12	13	1	2	0.33	0.67	1.27	0	0	0	0	0	0	#DIV/0!	3	1	4	1	7	2	0.286	0	0			0	2	0.67	1	0.33	M	10/26/1969	6/25/2007	37.7			6
235	15	Leslie Nease	0.27	0.77	0.35	2	0	6	8	1	-0.75	0.00	0	0	7	0	-0.40	0.27	9	14	1	1	0.00	1.00	0.27	0	0	0	0	0	0	#DIV/0!	2	1	3	1	5	2	0.400	0	0			0	1	1.00	0	0.00	F	3/25/1969	6/25/2007	38.3			6
236	15	Ashley Massaro	0.00	0.43	0.00	0	0	8	15	2	-0.27	0.00	0	0	7	0	-0.27	0.00	6	15	1	2	0.00	1.00	0.00	0	0	0	0	0	0	#DIV/0!	1	0	2	0	3	0	0.000	0	0			0	2	1.00	0	0.00	F	5/26/1979	6/25/2007	28.1			8
237	15	Chicken Morris	0.00	0.13	0.00	0	0	5	8	1	-0.63	0.00	0	0	7	0	-0.63	0.00	3	16	1	1	0.00	1.00	0.00	0	0	0	0	0	0	#DIV/0!	0	0	1	0	1	0	0.000	0	0			0	1	1.00	0	0.00	M	9/2/1959	6/25/2007	47.8			5
188	16	Parvati Shallow	2.17	12.05	0.18	1	8	4	57	8	0.99	3.50	5	5	8	0.625	1.80	9.42	39	1	2	0	1.00	0.00	5.67	2	0	8	1	10	1	0.10	6	4	8	5	14	9	0.643	0	0			2	3	0.38	4	0.57	F	9/21/1982					4
224	16	Amanda Kimmel	2.89	12.05	0.24	0	12	0	83	13	0.92	6.46	12	3	8	0.375	1.54	11.60	39	2	2	1	0.92	0.08	9.35	2	0	8	2	10	2	0.20	6	4	8	2	14	6	0.429	0	0			2	1	0.08	10	0.91	F	8/3/1984				4	4
170	16	Cirie Fields	0.64	11.80	0.05	1	11	3	84	12	0.91	3.67	10	0	8	0	0.97	4.31	38	3	2	1	0.92	0.08	4.31	2	0	8	0	10	0	0.00	6	3	8	2	14	5	0.357	0	0			3	2	0.17	10	0.83	F	7/18/1970					3
238	16	Natalie Bolton	1.02	12.05	0.08	2	5	3	57	8	0.62	2.50	7	0	8	0	0.70	3.52	37	4	1	3	0.63	0.38	3.52	2	0	7	0	9	0	0.00	6	1	8	6	14	7	0.500	0	0			0	1	0.13	7	0.88	F						3
239	16	Erik Reichenbach	4.63	10.05	0.46	0	7	7	79	11	0.63	1.62	8	0	8	0	1.09	6.25	36	5	1	4	0.64	0.36	6.25	2	1	6	3	8	4	0.50	6	2	8	2	14	4	0.286	0	0			0	3	0.27	4	0.50	M						7
240	16	Alexis Jones	1.91	7.80	0.25	0	3	2	48	6	0.49	2.33	5	0	8	0	0.74	4.25	33	6	1	3	0.50	0.50	4.25	1	1	5	0	6	1	0.17	6	2	7	5	13	7	0.538	0	0			1	1	0.17	4	0.67	F						2
228	16	James Clement*	1.42	7.05	0.20	0	3	3	46	5	0.47	1.00	4	0	8	0	0.67	2.42	31	7	2	2	0.60	0.40	2.42	1	0	4	0	5	0	0.00	6	4	8	6	14	10	0.714	0	0			0	1	0.20	4	0.80	M	3/9/1977					3
241	16	Jason Siska	2.41	6.05	0.40	0	1	8	46	5	0.17	0.47	3	0	8	0	0.56	2.88	30	8	1	4	0.20	0.80	2.88	0	0	4	1	4	1	0.25	6	3	8	6	14	9	0.643	0	0			6	2	0.40	2	0.50	M						8
184	16	Ozzy Lusth	0.89	4.80	0.19	0	7	9	64	8	0.86	1.88	4	0	8	0	1.04	2.77	27	9	2	1	0.88	0.13	2.77	0	0	3	0	3	0	0.00	6	4	7	2	13	6	0.462	0	0			3	4	0.50	4	0.50	M	8/23/1981					9
116	16	Eliza Orlins	1.42	3.80	0.37	0	2	8	29	3	0.57	1.56	2	0	8	0	0.95	2.98	24	10	2	1	0.67	0.33	2.98	0	0	2	0	2	0	0.00	5	4	8	6	13	10	0.769	0	0			0	1	0.33	2	0.67	F						8
118	16	Ami Cusack	0.64	2.80	0.23	0	4	4	45	6	0.65	2.33	5	0	8	0	0.88	2.97	21	11	2	2	0.67	0.33	2.97	0	0	1	0	1	0	0.00	5	3	8	2	13	5	0.385	0	0			1	1	0.17	5	0.83	F						4
242	16	Tracy Hughes-Wolf	0.38	2.55	0.15	1	3	7	40	5	0.57	1.53	3	0	8	0	0.71	1.91	20	12	1	2	0.60	0.40	1.91	0	0	1	0	1	0	0.00	5	1	7	2	12	3	0.250	0	0			2	2	0.40	3	0.60	F						7
243	16	Kathy Sleckman**	1.75	2.39	0.73	0	2	0	19	2	0.58	1.70	2	0	8	0	1.31	3.44	19	13	1	0	1.00	0.00	3.44	0	0	1	1	1	1	1.00	5	2	6	4	11	6	0.545	0	0			4	0	0.00	1	1.00	F						0
244	16	Chet Welch	0.21	2.22	0.10	1	3	12	34	4	0.66	1.31	0	0	8	0	0.76	1.52	17	14	1	1	0.75	0.25	1.52	0	0	1	0	1	0	0.00	4	0	6	2	10	2	0.200	0	0			2	4	1.00	0	0.00	M						12
189	16	Jonathan Penner*	0.87	2.08	0.42	0	1	0	19	2	0.23	0.78	2	0	8	0	0.65	1.64	15	15	2	1	0.50	0.50	1.64	0	0	1	0	1	0	0.00	4	4	5	3	9	7	0.778	0	0			0	0	0.00	2	1.00	M						0
245	16	Joel Anderson	0.21	1.93	0.11	0	1	6	27	3	0.26	0.93	2	0	8	0	0.37	1.14	14	16	1	2	0.33	0.67	1.14	0	0	1	0	1	0	0.00	3	0	5	2	8	2	0.250	0	0			0	1	0.33	2	0.67	M						6
246	16	Mikey Bortone	0.21	1.68	0.13	0	0	6	19	2	-0.16	0.00	1	0	8	0	-0.03	0.21	11	17	1	2	0.00	1.00	0.21	0	0	1	0	1	0	0.00	2	0	4	2	6	2	0.333	0	0			0	1	0.50	1	0.50	M						6
206	16	Yau-Man Chan	1.22	1.43	0.85	0	1	6	19	2	0.34	1.40	1	0	8	0	1.19	2.62	8	18	2	1	0.50	0.50	2.62	0	0	1	1	1	1	1.00	1	1	3	1	4	2	0.500	0	0			0	1	0.50	0	0.00	M						6
247	16	Mary Sartain	0.10	1.21	0.08	0	0	6	10	1	-0.60	0.00	0	0	8	0	-0.52	0.10	6	19	1	1	0.00	1.00	0.10	0	0	1	0	1	0	0.00	0	0	2	1	2	1	0.500	0	0			0	1	1.00	0	0.00	F	11/11/1978					6
99	16	Jonny Fairplay	0.00	1.10	0.00	0	0	9	10	1	-0.90	0.00	0	0	8	0	-0.90	0.00	3	20	2	1	0.00	1.00	0.00	0	0	1	0	1	0	0.00	0	0	1	0	1	0	0.000	0	0			0	1	1.00	0	0.00	M						9
248	17	Bob Crowley	6.64	11.40	0.58	0	5	2	60	9	0.55	2.59	8	4	7	0.57	1.71	12.66	39	1	1	4	0.56	0.44	9.24	2	2	7	3	9	5	0.56	7	5	7	5	14	10	0.714	0	0			4	1	0.11	3	0.50	M	2/25/1951	6/23/2008	57.3			2
249	17	Susie Smith	3.10	11.40	0.27	1	9	7	68	10	0.89	2.29	7	3	7	0.43	1.59	7.97	39	2	1	1	0.90	0.10	5.40	1	0	7	2	8	2	0.25	7	4	7	3	14	7	0.500	0	0			2	3	0.30	5	0.63	F	10/24/1960	6/23/2008	47.7			7
250	17	Sugar' Kiper	1.13	11.26	0.10	1	10	0	66	10	1.00	7.00	10	0	7	0.00	1.10	8.13	39	3	1	0	1.00	0.00	8.13	2	0	7	0	9	0	0.00	7	3	6	3	13	6	0.462	0	0			10	0	0.00	10	1.00	F	2/22/1979	6/23/2008	29.3			0
251	17	Matty Whitmore	0.76	11.40	0.07	0	10	5	81	12	0.83	2.59	9	0	7	0	0.89	3.35	38	4	1	2	0.83	0.17	3.35	1	0	7	0	8	0	0.00	7	2	7	2	14	4	0.286	0	0			0	3	0.25	9	0.75	M	12/18/1978	6/23/2008	29.5		2	7
252	17	Ken Hoang	1.14	10.40	0.11	1	9	7	82	12	0.74	1.91	9	0	7	0	0.85	3.05	37	5	1	3	0.75	0.25	3.05	1	0	6	1	7	1	0.14	7	0	7	1	14	1	0.071	0	0			0	3	0.25	8	0.73	M	10/10/1985	6/23/2008	22.7			7
253	17	Crystal Cox	0.64	9.40	0.07	0	10	11	77	11	0.90	1.70	7	0	7	0	0.96	2.34	36	6	1	1	0.91	0.09	2.34	2	0	5	0	7	0	0.00	7	2	7	1	14	3	0.214	0	0			0	4	0.36	7	0.64	F	3/28/1979	6/23/2008	29.2			11
254	17	Corinne Kaplan	1.14	7.40	0.15	5	2	4	40	5	0.38	1.40	4	0	7	0	0.53	2.54	33	7	1	3	0.40	0.60	2.54	0	0	4	0	4	0	0.00	7	2	7	6	14	8	0.571	0	0			0	1	0.20	4	0.80	F	1/17/1979	6/23/2008	29.4			4
255	17	Randy Bailey	1.72	5.07	0.34	0	2	5	41	5	0.38	1.24	4	0	7	0	0.72	2.97	30	8	1	3	0.40	0.60	2.97	0	0	3	0	3	0	0.00	6	5	7	5	13	10	0.769	0	0			0	1	0.20	4	0.80	M	3/31/1959	6/23/2008	49.2			5
256	17	Charlie Herschel	1.56	4.07	0.38	1	2	5	25	3	0.60	2.07	2	0	7	0	0.98	3.63	27	9	1	1	0.67	0.33	3.63	0	0	2	0	2	0	0.00	6	4	7	6	13	10	0.769	0	0			0	1	0.33	2	0.67	M	5/12/1979	6/23/2008	29.1			5
257	17	Marcus Lehman	2.31	2.82	0.82	0	1	3	21	3	0.29	1.33	2	0	7	0	1.10	3.64	27	10	1	2	0.33	0.67	3.64	0	0	2	1	2	1	0.50	6	4	7	5	13	9	0.692	0	0			0	1	0.33	1	0.50	M	10/3/1979	6/23/2008	28.7			3
258	17	Dan Kay	1.27	2.62	0.49	0	2	4	24	3	0.61	2.33	2	0	7	0	1.10	3.60	21	11	1	1	0.67	0.33	3.60	0	0	1	0	1	0	0.00	5	4	6	4	11	8	0.727	0	0			1	1	0.33	2	0.67	M	6/30/1976	6/23/2008	32.0			4
259	17	Ace Gordon	0.35	2.62	0.13	0	3	5	34	5	0.57	1.87	3	0	7	0	0.70	2.21	21	12	1	2	0.60	0.40	2.21	0	0	1	0	1	0	0.00	5	1	6	2	11	3	0.273	0	0			0	2	0.40	3	0.60	M	9/3/1980	6/23/2008	27.8			5
260	17	Kelly Czarnecki	0.35	1.42	0.24	1	2	8	29	4	0.43	1.17	1	0	7	0	0.68	1.51	18	13	1	2	0.50	0.50	1.51	0	0	0	0	0	0	#DIV/0!	4	1	6	2	10	3	0.300	0	0			0	3	0.75	1	0.25	F	4/4/1986	6/23/2008	22.2			8
261	17	Danny 'GC' Brown	0.31	1.09	0.29	0	3	6	31	4	0.70	2.10	3	0	7	0	0.99	2.41	15	14	1	1	0.75	0.25	2.41	0	0	0	0	0	0	#DIV/0!	3	1	5	1	8	2	0.250	0	0			0	1	0.25	3	0.75	M	7/13/1982	6/23/2008	25.9			6
262	17	Jacquie Berg	0.35	0.80	0.43	1	1	5	16	2	0.34	1.56	1	0	7	0	0.78	1.90	12	15	1	1	0.50	0.50	1.90	0	0	0	0	0	0	#DIV/0!	2	1	4	2	6	3	0.500	0	0			0	1	0.50	1	0.50	F	9/10/1982	6/23/2008	25.8			5
263	17	Paloma Soto-Castillo	0.22	0.66	0.34	2	0	7	9	1	-0.78	0.00	0	0	7	0	-0.44	0.22	9	16	1	1	0.00	1.00	0.22	0	0	0	0	0	0	#DIV/0!	2	1	3	1	5	2	0.400	0	0			0	1	1.00	0	0.00	F	8/24/1984	6/23/2008	23.8			7
264	17	Gillian Larson	0.00	0.35	0.00	0	1	8	17	2	0.26	1.17	0	0	7	0	0.26	1.17	6	17	1	1	0.50	0.50	1.17	0	0	0	0	0	0	#DIV/0!	1	0	2	0	3	0	0.000	0	0			0	2	1.00	0	0.00	F	2/24/1947	6/23/2008	61.3			8
265	17	Michelle Chase	0.00	0.22	0.00	0	0	8	9	1	-0.89	0.00	0	0	7	0	-0.89	0.00	3	18	1	1	0.00	1.00	0.00	0	0	0	0	0	0	#DIV/0!	1	0	1	0	2	0	0.000	0	0			0	1	1.00	0	0.00	F	3/7/1984	6/23/2008	24.3			8
266	18	J.T. Thomas	5.38	12.37	0.43	1	9	0	66	11	0.82	5.73	11	7	7	1.00	2.25	17.11	39	1	1	2	0.82	0.18	11.11	2	1	8	3	10	4	0.40	6	5	6	2	12	7	0.583	0	0			0	0	0.00	7	0.88	M						0
267	18	Stephen Fishbach	2.60	12.37	0.21	2	10	1	65	10	1.00	5.60	9	0	7	0.00	1.21	8.20	39	2	1	0	1.00	0.00	8.20	2	1	8	1	10	2	0.20	6	2	6	2	12	4	0.333	0	0			6	1	0.10	7	0.78	M						1
268	18	Erinn Lobdell	0.91	12.37	0.07	1	6	5	55	8	0.74	2.33	5	0	7	0	0.81	3.24	38	3	1	2	0.75	0.25	3.24	2	0	8	0	10	0	0.00	6	1	6	4	12	5	0.417	0	0			4	3	0.38	5	0.63	F						5
269	18	Taj' Johnson-George	0.80	11.37	0.07	1	7	7	65	10	0.69	1.78	6	0	7	0	0.76	2.58	37	4	1	3	0.70	0.30	2.58	2	0	7	0	9	0	0.00	6	3	6	2	12	5	0.417	0	0			7	4	0.40	6	0.60	F						7
270	18	Coach Wade	1.86	10.37	0.18	1	4	6	50	7	0.55	1.60	4	0	7	0	0.73	3.46	36	5	1	3	0.57	0.43	3.39	2	0	6	1	8	1	0.13	6	1	6	4	12	5	0.417	0	0			2	3	0.43	3	0.50	M						6
271	18	Debbie Beebe	2.24	8.37	0.27	2	4	6	45	6	0.64	1.87	4	0	7	0	0.91	4.11	33	6	1	2	0.67	0.33	4.11	1	0	5	1	6	1	0.17	6	3	6	3	12	6	0.500	0	0			0	2	0.33	3	0.60	F						6
272	18	Sierra Reed	0.86	7.37	0.12	1	3	11	39	5	0.54	1.12	1	0	7	0	0.66	1.98	30	7	1	2	0.60	0.40	1.98	1	0	4	0	5	0	0.00	6	1	6	4	12	5	0.417	0	0			2	4	0.80	1	0.20	F						11
273	18	Tyson Apostol	3.11	5.37	0.58	0	2	5	32	4	0.46	1.56	3	0	7	0	1.04	4.66	27	8	1	2	0.50	0.50	4.66	0	0	3	2	3	2	0.67	6	2	6	4	12	6	0.500	0	0			0	1	0.25	1	0.50	M						5
274	18	Brendan Synnott	1.19	4.12	0.29	0	2	4	24	3	0.61	2.33	2	0	7	0	0.90	3.53	24	9	1	1	0.67	0.33	3.53	0	0	2	0	2	0	0.00	5	2	6	4	11	6	0.545	0	0			5	1	0.33	2	0.67	M						4
275	18	Joe Dowdle*	0.80	2.78	0.29	0	3	11	36	5	0.54	1.12	3	0	7	0	0.82	1.92	21	10	1	2	0.60	0.40	1.92	0	0	1	0	1	0	0.00	4	3	6	2	10	5	0.500	0	0			2	2	0.40	3	0.60	M						11
276	18	Sydney Wheeler	0.60	1.78	0.33	0	3	4	26	4	0.71	2.63	2	0	7	0	1.05	3.22	18	11	1	1	0.75	0.25	3.22	0	0	0	0	0	0	#DIV/0!	4	2	6	2	10	4	0.400	0	0			0	2	0.50	2	0.50	F	5/11/1984					4
277	18	Spencer Duhm	0.60	1.38	0.43	1	2	5	21	3	0.59	2.07	2	0	7	0	1.02	2.67	15	12	1	1	0.67	0.33	2.67	0	0	0	0	0	0	#DIV/0!	3	2	5	2	8	4	0.500	0	0			0	1	0.33	2	0.67	M						5
278	18	Sandy Burgin	0.43	1.05	0.41	0	1	6	15	2	0.30	1.40	0	0	7	0	0.71	1.83	12	13	1	1	0.50	0.50	1.83	0	0	0	0	0	0	#DIV/0!	2	1	4	2	6	3	0.500	0	0			0	2	1.00	0	0.00	F						6
279	18	Jerry Sims	0.13	0.55	0.23	0	1	6	15	2	0.30	1.40	1	0	7	0	0.53	1.53	9	14	1	1	0.50	0.50	1.53	0	0	0	0	0	0	#DIV/0!	1	0	3	1	4	1	0.250	0	0			0	1	0.50	1	0.50	M						6
280	18	Candace Smith	0.13	0.27	0.47	0	0	7	8	1	-0.88	0.00	0	0	7	0	-0.41	0.13	6	15	1	1	0.00	1.00	0.13	0	0	0	0	0	0	#DIV/0!	0	0	2	1	2	1	0.500	0	0			0	1	1.00	0	0.00	F						7
281	18	Carolina Eastwood	0.00	0.13	0.00	0	0	7	8	1	-0.88	0.00	0	0	7	0	-0.88	0.00	3	16	1	1	0.00	1.00	0.00	0	0	0	0	0	0	#DIV/0!	0	0	1	0	1	0	0.000	0	0			0	1	1.00	0	0.00	F						7
282	19	Natalie White	0.37	11.18	0.03	1	14	5	108	14	1.00	3.11	13	7	9	0.778	1.81	8.14	39	1	1	0	1.00	0.00	3.48	0	0	9	0	9	0	0.00	5	1	6	1	11	2	0.182	0	0			0	1	0.07	13	0.93	F						5
283	19	Russell Hantz	1.83	11.30	0.16	1	14	2	108	14	1.00	4.67	13	2	9	0.222	1.38	7.83	39	2	1	0	1.00	0.00	6.49	0	0	9	1	9	1	0.11	5	2	6	1	11	3	0.273	0	0			0	1	0.07	12	0.92	M					7	9
284	19	Mick Trimming	1.17	11.18	0.10	0	13	4	108	14	0.93	3.25	10	0	9	0.000	1.03	4.42	39	3	1	1	0.93	0.07	4.42	0	0	9	1	9	1	0.11	5	0	6	1	11	1	0.091	0	0			0	4	0.29	9	0.69	M						4
285	19	Brett Clouser	3.98	11.01	0.36	2	6	3	82	10	0.60	2.40	9	0	9	0	0.96	6.38	38	4	1	4	0.60	0.40	6.38	0	0	9	3	9	3	0.33	5	3	6	3	11	6	0.545	0	0			0	1	0.10	6	0.86	M						3
286	19	Jaison Robinson	2.63	10.14	0.26	0	12	7	104	13	0.92	2.35	10	0	9	0	1.18	4.97	37	5	1	1	0.92	0.08	4.97	0	0	8	2	8	2	0.25	5	1	6	1	11	2	0.182	0	0			0	3	0.23	8	0.73	M						7
287	19	Shambo Waters	1.28	9.30	0.14	4	3	6	73	8	0.36	1.05	6	0	9	0	0.50	2.33	36	6	1	5	0.38	0.63	2.33	0	0	7	0	7	0	0.00	5	3	6	3	11	6	0.545	0	0			0	2	0.25	6	0.75	F						6
288	19	Monica Padilla	1.00	7.68	0.13	2	4	7	67	7	0.56	1.45	5	0	9	0	0.69	2.45	33	7	1	3	0.57	0.43	2.45	0	0	6	0	6	0	0.00	4	3	6	3	10	6	0.600	0	0			0	2	0.29	5	0.71	F						7
289	19	Dave Ball	1.31	6.84	0.19	3	3	8	60	6	0.48	1.17	4	0	9	0	0.82	2.48	31	8	1	3	0.50	0.50	2.48	0	0	5	0	5	0	0.00	4	3	6	4	10	7	0.700	0	0			0	2	0.33	4	0.67	M						8
290	19	John Fincher	1.94	5.80	0.34	2	2	7	52	5	0.37	1.02	4	0	9	0	0.71	2.96	30	9	1	3	0.40	0.60	2.96	0	0	4	1	4	1	0.25	4	2	6	4	10	6	0.600	0	0			0	1	0.20	3	0.75	M						7
291	19	Laura Morett	2.94	4.68	0.63	3	2	5	43	4	0.47	1.56	3	0	9	0	1.10	4.50	27	10	1	2	0.50	0.50	4.50	0	0	3	2	3	2	0.67	4	2	6	4	10	6	0.600	0	0			0	1	0.25	1	0.50	F						5
292	19	Kelly Sharbaugh	0.94	3.48	0.27	2	2	4	33	3	0.63	2.33	2	0	9	0	0.90	3.28	24	11	1	1	0.67	0.33	3.28	0	0	2	0	2	0	0.00	3	1	6	5	9	6	0.667	0	0			0	1	0.33	2	0.67	F						4
293	19	Erik Cardona	0.94	2.40	0.39	1	1	10	22	2	0.27	1.00	1	0	9	0	0.67	1.94	21	12	1	1	0.50	0.50	1.94	0	0	1	0	1	0	0.00	2	2	6	4	8	6	0.750	0	0			0	1	0.50	1	0.50	M						10
294	19	Liz Kim	0.29	1.40	0.21	0	4	5	36	5	0.77	2.49	3	0	9	0	0.98	2.78	18	13	1	1	0.80	0.20	2.78	0	0	0	0	0	0	#DIV/0!	2	0	6	1	8	1	0.125	0	0			0	2	0.40	3	0.60	F						5
295	19	Russell Swan*	0.88	1.04	0.84	1	1	0	10	1	0.26	1.08	1	0	9	0	1.10	1.95	15	14	1	0	1.00	0.00	1.95	0	0	0	0	0	0	#DIV/0!	1	1	5	4	6	5	0.833	0	0			0	0	0.00	1	1.00	M						0
296	19	Ashley Trainer	0.17	0.88	0.19	0	3	9	31	4	0.68	1.62	1	0	9	0	0.87	1.78	14	15	1	1	0.75	0.25	1.78	0	0	0	0	0	0	#DIV/0!	1	0	5	1	6	1	0.167	0	0			0	3	0.75	1	0.25	F						9
297	19	Yasmin Giles	0.21	0.67	0.32	1	0	8	10	1	-0.80	0.00	0	0	9	0	-0.48	0.21	11	16	1	1	0.00	1.00	0.21	0	0	0	0	0	0	#DIV/0!	0	0	4	2	4	2	0.500	0	0			0	1	1.00	0	0.00	F						8
298	19	Ben Browning	0.00	0.38	0.00	0	2	7	25	3	0.57	1.70	1	0	9	0	0.57	1.70	8	17	1	1	0.67	0.33	1.70	0	0	0	0	0	0	#DIV/0!	0	0	3	0	3	0	0.000	0	0			0	2	0.67	1	0.33	M						7
299	19	Betsy Bolan	0.00	0.21	0.00	0	0	7	18	2	-0.19	0.00	1	0	9	0	-0.19	0.00	6	18	1	2	0.00	1.00	0.00	0	0	0	0	0	0	#DIV/0!	0	0	2	0	2	0	0.000	0	0			0	1	0.50	1	0.50	F						7
300	19	Mike Borassi *	0.00	0.21	0.00	0	1	9	19	2	0.26	1.08	1	0	9	0	0.26	1.08	5	19	1	1	0.50	0.50	1.08	0	0	0	0	0	0	#DIV/0!	0	0	2	0	2	0	0.000	0	0			0	1	0.50	1	0.50	M						9
301	19	Marisa Calihan	0.13	0.23	0.56	0	0	7	10	1	-0.70	0.00	0	0	9	0	-0.14	0.13	3	20	1	1	0.00	1.00	0.13	0	0	0	0	0	0	#DIV/0!	0	0	1	0	1	0	0.000	0	0			0	1	1.00	0	0.00	F						7
97	20	Sandra Diaz-Twine	0.69	11.56	0.06	6	9	1	89	12	0.75	4.20	10	6	9	0.6666666667	1.48	8.89	39	1	2	3	0.75	0.25	4.89	1	0	8	0	9	0	0.00	7	2	8	3	15	5	0.333	0	0			0	2	0.17	10	0.83	F	7/30/1974				2	3
188	20	Parvati Shallow	3.71	11.56	0.32	3	10	4	89	12	0.83	2.92	9	3	9	0.3333333333	1.48	8.63	39	2	3	2	0.83	0.17	6.63	1	0	8	3	9	3	0.33	7	1	8	4	15	5	0.333	0	0			0	3	0.25	6	0.67	F	9/21/1982				4	8
24	20	Russell Hantz	2.80	11.56	0.24	2	11	5	89	12	0.91	2.85	10	0	9	0.000	1.15	5.65	39	3	2	1	0.92	0.08	5.65	1	0	8	2	9	2	0.22	7	2	8	4	15	6	0.400	0	0			0	2	0.17	8	0.80	F					5	10
283	20	Jerri Manthey	3.00	11.56	0.26	2	9	4	89	12	0.75	2.63	9	0	9	0	1.01	5.63	38	4	3	3	0.75	0.25	5.63	1	1	8	1	9	2	0.22	7	3	8	4	15	7	0.467	0	0			0	3	0.25	7	0.64	M						4
168	20	Danielle DiLorenzo	2.19	7.56	0.29	3	7	4	74	9	0.77	2.72	8	0	9	0	1.06	4.92	33	7	2	2	0.78	0.22	4.92	0	0	5	1	5	1	0.20	7	4	8	3	15	7	0.467	0	0			0	1	0.11	7	0.88	F						4
190	20	Candice Woodcock	2.23	8.06	0.28	0	5	5	74	8	0.62	1.94	7	0	9	0	0.89	4.17	33	8	2	3	0.63	0.38	4.17	0	0	5	1	5	1	0.20	7	3	8	4	15	7	0.467	0	0	1	0	0	1	0.13	0	0.00	F						5
58	20	Boston Rob Mariano	2.30	2.93	0.79	0	1	5	27	3	0.27	1.04	1	0	9	0	1.06	3.34	18	13	3	2	0.33	0.67	3.34	0	0	1	1	1	1	1.00	4	2	6	4	10	6	0.600	0	0	1	1	0	2	0.67	0	0.00	M						5
266	20	J.T. Thomas	1.23	4.23	0.29	0	5	5	50	6	0.82	2.59	5	0	9	0	1.11	3.82	27	10	2	1	0.83	0.17	3.82	0	0	2	0	2	0	0.00	6	3	8	4	14	7	0.500	0	0			0	1	0.17	5	0.83	M						5
170	20	Cirie Fields	0.23	0.72	0.31	1	2	3	27	3	0.63	2.67	2	0	9	0	0.94	2.89	11	17	3	1	0.67	0.33	2.89	0	0	0	0	0	0	#DIV/0!	2	1	4	1	6	2	0.333	0	0			0	1	0.33	2	0.67	F						3
18	20	Colby Donaldson	1.56	10.56	0.15	1	5	7	85	11	0.45	1.16	8	0	9	0	0.59	2.72	37	5	3	6	0.45	0.55	2.72	1	0	7	0	8	0	0.00	7	4	8	4	15	8	0.533	0	0			0	3	0.27	8	0.73	M	4/1/1974					7
224	20	Amanda Kimmel	1.56	5.56	0.28	0	4	10	59	7	0.55	1.14	4	0	9	0	0.83	2.70	30	9	3	3	0.57	0.43	2.70	0	0	3	0	3	0	0.00	7	4	8	4	15	8	0.533	0	0			0	3	0.43	4	0.57	F						10
273	20	Tyson Apostol	0.66	2.03	0.33	1	1	3	19	2	0.42	2.00	1	0	9	0	0.75	2.66	15	15	2	1	0.50	0.50	2.66	0	0	1	0	1	0	0.00	3	2	5	3	8	5	0.625	0	0			0	1	0.50	1	0.50	M						3
104	20	Rupert Boneham	1.23	9.56	0.13	1	6	10	80	10	0.59	1.20	7	0	9	0	0.72	2.43	36	6	3	4	0.60	0.40	2.43	1	0	6	0	7	0	0.00	7	3	8	4	15	7	0.467	0	0			0	3	0.30	7	0.70	M	1/27/1964					10
131	20	Tom Westman	0.23	1.03	0.22	0	2	5	34	4	0.46	1.56	2	0	9	0	0.68	1.78	14	16	2	2	0.50	0.50	1.78	0	0	0	0	0	0	#DIV/0!	3	1	5	1	8	2	0.250	0	0			0	2	0.50	2	0.50	M					3	8
228	20	James Clement	0.23	2.03	0.11	0	3	7	40	5	0.57	1.53	3	0	9	0	0.68	1.75	15	14	3	2	0.60	0.40	1.75	0	0	1	0	1	0	0.00	3	1	5	1	8	2	0.250	0	0			0	2	0.40	3	0.60	M						7
270	20	Coach Wade	0.80	2.83	0.28	0	1	4	34	4	0.22	0.88	3	0	9	0	0.50	1.68	21	12	2	3	0.25	0.75	1.68	0	0	1	0	1	0	0.00	5	2	7	4	12	6	0.500	0	0			0	1	0.25	3	0.75	M						4
138	20	Stephenie LaGrossa	0.10	0.33	0.3076923077	0	1	6	19	2	0.34	1.40	1	0	9	0	0.65	1.50	6	19	3	1	0.50	0.50	1.50	0	0	0	0	0	0	#DIV/0!	1	1	2	0	3	1	0.333	0	0			0	1	0.50	1	0.50	F	12/6/1979					6
223	20	Courtney Yates	0.57	3.23	0.18	6	2	9	40	5	0.36	0.86	2	0	9	0	0.53	1.43	24	11	2	3	0.40	0.60	1.43	0	0	1	0	1	0	0.00	6	2	8	2	14	4	0.286	0	0			0	3	0.60	2	0.40	F						9
255	20	Randy Bailey	0.10	0.45	0.22	1	0	9	10	1	-0.90	0.00	0	0	9	0	-0.68	0.10	8	18	2	1	0.00	1.00	0.10	0	0	0	0	0	0	#DIV/0!	1	0	3	1	4	1	0.250	0	0			0	1	1.00	0	0.00	M	3/31/1959					9
250	20	Sugar Kiper	0.10	0.20	0.5	0	0	9	10	1	-0.90	0.00	0	0	9	0	-0.40	0.10	3	20	2	1	0.00	1.00	0.10	0	0	0	0	0	0	#DIV/0!	1	1	1	0	2	1	0.500	0	0			0	1	1.00	0	0.00	F	2/22/1979					9
302	21	Fabio Birza	4.88	11.70	0.42	0	6	2	80	10	0.60	2.80	9	5	9	0.556	1.57	11.01	39	1	1	4	0.60	0.40	7.68	2	0	8	4	10	4	0.40	5	2	6	4	11	6	0.545	0	0			0	1	0.10	5	0.83	M						2
303	21	Chase Rice	3.26	11.70	0.28	1	10	1	80	10	1.00	5.60	9	4	9	0.444	1.72	11.53	39	2	1	0	1.00	0.00	8.86	2	2	8	0	10	2	0.20	5	4	6	4	11	8	0.727	0	0			0	1	0.10	7	0.70	M						1
304	21	Sash Lenahan	1.68	11.70	0.14	1	9	1	80	10	0.90	5.04	8	0	9	0.000	1.04	6.72	39	3	1	1	0.90	0.10	6.72	2	0	8	1	10	1	0.10	5	1	6	4	11	5	0.455	0	0			0	2	0.20	7	0.78	M					1	2
305	21	Holly Hoffman	1.83	12.21	0.15	0	10	4	97	12	0.83	2.92	10	0	9	0	0.98	4.75	38	4	1	2	0.83	0.17	4.75	2	0	8	1	10	1	0.10	5	3	6	2	11	5	0.455	0	0	1	0	0	2	0.17	9	0.82	F						4
306	21	Dan Lembo	0.66	10.71	0.06	3	8	9	97	11	0.72	1.57	7	0	9	0	0.78	2.22	37	5	1	3	0.73	0.27	2.22	2	0	7	0	9	0	0.00	5	3	6	2	11	5	0.455	0	0			0	4	0.36	7	0.64	M						9
307	21	Jane Bright	2.45	9.71	0.25	1	5	11	88	10	0.49	0.93	7	0	9	0	0.74	3.38	36	6	1	5	0.50	0.50	3.38	2	0	6	2	8	2	0.25	5	1	6	2	11	3	0.273	0	0			0	3	0.30	5	0.63	F						11
308	21	Benry Henry	1.26	7.70	0.16	0	5	5	65	7	0.70	2.22	5	0	9	0	0.87	3.48	32	7	1	2	0.71	0.29	3.48	1	0	5	0	6	0	0.00	5	4	6	4	11	8	0.727	0	0			0	2	0.29	5	0.71	M						5
309	21	Purple Kelly Shinn*	0.54	5.70	0.09	1	5	8	66	7	0.70	1.67	6	0	9	0	0.79	2.20	28	8	1	2	0.71	0.29	2.20	0	0	4	0	4	0	0.00	5	1	6	3	11	4	0.364	0	0			0	1	0.14	6	0.86	F						8
310	21	NaOnka Mixon*	1.26	5.70	0.22	1	6	12	67	7	0.83	1.50	4	0	9	0	1.05	2.76	28	9	1	1	0.86	0.14	2.76	0	0	4	0	4	0	0.00	5	4	6	4	11	8	0.727	0	0			0	3	0.43	4	0.57	F						12
311	21	Brenda Lowe	1.48	5.45	0.27	0	5	13	58	6	0.80	1.37	3	0	9	0	1.07	2.85	27	10	1	1	0.83	0.17	2.85	0	0	4	1	4	1	0.25	4	0	6	4	10	4	0.400	0	0			0	3	0.50	2	0.40	F						13
312	21	Marty Piombo	0.45	4.26	0.11	0	4	14	65	7	0.54	0.89	3	0	9	0	0.65	1.34	24	11	1	3	0.57	0.43	1.34	0	0	3	0	3	0	0.00	3	1	6	2	9	3	0.333	0	0			0	4	0.57	3	0.43	M						14
313	21	Alina Wilson	0.81	3.05	0.27	0	2	10	37	4	0.43	1.00	3	0	9	0	0.70	1.81	22	12	1	2	0.50	0.50	1.81	0	0	2	0	2	0	0.00	2	2	6	4	8	6	0.750	0	0			0	1	0.25	3	0.75	F						10
314	21	Jill Behm	1.75	2.56	0.68	0	3	3	42	5	0.59	2.40	4	0	9	0	1.27	4.15	18	13	1	2	0.60	0.40	4.15	0	0	1	1	1	1	1.00	2	0	6	2	8	2	0.250	0	0	1	1	0	1	0.20	3	0.75	F						3
315	21	Yve Rojas	0.25	1.73	0.14	0	3	7	42	5	0.57	1.53	3	0	9	0	0.71	1.78	15	14	1	2	0.60	0.40	1.78	0	0	1	0	1	0	0.00	1	1	5	1	6	2	0.333	0	0			0	2	0.40	3	0.60	F						7
316	21	Kelly Bruno	0.34	1.72	0.20	1	1	3	18	2	0.42	2.00	1	0	9	0	0.61	2.34	15	15	1	1	0.50	0.50	2.34	0	0	1	0	1	0	0.00	1	0	5	3	6	3	0.500	0	0			0	1	0.50	1	0.50	F						3
317	21	Tyrone Davis	0.25	0.73	0.34	0	3	6	35	4	0.71	2.10	3	0	9	0	1.05	2.35	14	16	1	1	0.75	0.25	2.35	0	0	0	0	0	0	#DIV/0!	1	1	5	1	6	2	0.333	0	0			0	1	0.25	3	0.75	M						6
318	21	Jimmy Tarantino	0.13	0.48	0.26	0	2	5	27	3	0.60	2.07	2	0	9	0	0.87	2.20	11	17	1	1	0.67	0.33	2.20	0	0	0	0	0	0	#DIV/0!	0	0	4	1	4	1	0.250	0	0			0	1	0.33	2	0.67	M						5
319	21	Jimmy Johnson	0.13	0.34	0.37	0	1	8	19	2	0.29	1.17	1	0	9	0	0.66	1.29	8	18	1	1	0.50	0.50	1.29	0	0	0	0	0	0	#DIV/0!	0	0	3	1	3	1	0.333	0	0			0	1	0.50	1	0.50	M						8
320	21	Shannon Elkins	0.10	0.21	0.47	0	0	7	10	1	-0.70	0.00	0	0	9	0	-0.23	0.10	6	19	1	1	0.00	1.00	0.10	0	0	0	0	0	0	#DIV/0!	0	0	2	1	2	1	0.500	0	0			0	1	1.00	0	0.00	M						7
321	21	Wendy Jo DeSmidt-Kohlhoff	0.00	0.10	0.00	0	0	9	10	1	-0.90	0.00	0	0	9	0	-0.90	0.00	3	20	1	1	0.00	1.00	0.00	0	0	0	0	0	0	#DIV/0!	0	0	1	0	1	0	0.000	0	0			0	1	1.00	0	0.00	F						9
58	22	Boston Rob Mariano	4.64	11.02	0.42	0	12	6	99	13	0.92	2.58	10	8	9	0.89	2.23	12.56	39	1	4	1	0.92	0.08	7.23	0	0	10	4	10	4	0.40	0	0	7	4	7	4	0.571	0	0			0	3	0.23	6	0.67	M					1	7
322	22	Natalie Tenerelli	1.64	11.02	0.15	0	12	1	99	13	0.92	5.17	12	0	9	0.00	1.07	6.81	39	3	1	1	0.92	0.08	6.81	0	0	10	1	10	1	0.10	0	0	7	4	7	4	0.571	0	0			0	1	0.08	11	0.92	F						1
323	22	Ashley Underwood	2.64	11.02	0.24	0	11	3	99	13	0.84	3.38	12	0	9	0.00	1.08	6.03	38	4	1	2	0.85	0.15	6.03	0	0	10	2	10	2	0.20	0	0	7	4	7	4	0.571	0	0			0	1	0.08	10	0.91	F						3
324	22	Matt Elrod	3.50	5.74	0.61	0	1	10	27	3	0.21	0.67	1	0	9	0.00	0.82	4.92	36	8	1	2	0.33	0.67	4.17	0	0	0	0	0	0	#DIV/0!	0	0	2	0	2	0	0.000	0	0			29	2	0.67	1	0.33	M						10
325	22	Grant Mattos	2.64	9.52	0.28	0	9	10	90	11	0.81	1.64	8	0	9	0.00	1.09	4.28	36	6	1	2	0.82	0.18	4.28	0	0	8	2	8	2	0.25	0	0	7	4	7	4	0.571	0	0			1	3	0.27	6	0.67	M						10
326	22	Mike Chiesl	1.88	5.52	0.34	0	4	6	53	6	0.65	1.87	5	0	9	0.00	0.99	4.00	36	7	1	2	0.67	0.33	3.75	0	0	2	0	2	0	0.00	0	0	7	3	7	3	0.429	0	0			14	1	0.17	5	0.83	M						6
327	22	Andrea Boehlke	2.14	10.02	0.21	0	7	9	90	11	0.63	1.37	9	0	9	0.00	0.84	3.64	37	5	1	4	0.64	0.36	3.51	0	0	8	1	8	1	0.13	0	0	7	4	7	4	0.571	0	0			4	2	0.18	8	0.80	F						9
328	22	Phillip Sheppard	0.64	11.02	0.06	0	12	17	99	13	0.91	1.23	6	1	9	0.11	1.08	2.54	39	2	1	1	0.92	0.08	1.87	0	0	10	0	10	0	0.00	0	0	7	4	7	4	0.571	0	0			0	7	0.54	6	0.46	M						17
329	22	Sarita White	0.38	1.52	0.25	2	2	6	30	4	0.45	1.40	2	0	9	0.00	0.70	1.78	19	13	1	2	0.50	0.50	1.78	0	0	0	0	0	0	#DIV/0!	0	0	7	3	7	3	0.429	0	0			1	2	0.50	2	0.50	F						6
330	22	Julie Wolfe	0.38	5.52	0.07	1	3	6	72	8	0.36	1.05	7	0	9	0.00	0.43	1.43	28	11	1	5	0.38	0.63	1.43	0	0	4	0	4	0	0.00	0	0	7	3	7	3	0.429	0	0			1	1	0.13	7	0.88	F						6
331	22	Steve Wright	0.38	7.52	0.05	1	4	9	87	10	0.39	0.86	7	0	9	0.00	0.44	1.24	31	10	1	6	0.40	0.60	1.24	0	0	6	0	6	0	0.00	0	0	7	3	7	3	0.429	0	0			1	3	0.30	7	0.70	M						9
332	22	Ralph Kiser	0.38	7.02	0.05	1	3	9	80	9	0.32	0.72	7	0	9	0.00	0.37	1.22	33	9	1	6	0.33	0.67	1.10	0	0	5	0	5	0	0.00	0	0	7	3	7	3	0.429	0	0			3	2	0.22	7	0.78	M						9
333	22	David Murphy	0.25	4.52	0.06	1	2	8	63	7	0.27	0.67	5	0	9	0.00	0.32	0.92	27	12	1	5	0.29	0.71	0.92	0	0	3	0	3	0	0.00	0	0	7	2	7	2	0.286	0	0			1	2	0.29	5	0.71	M						8
334	22	Stephanie Valencia	0.38	1.36	0.28	0	0	8	24	3	-0.11	0.00	1	0	9	0.00	0.17	0.38	17	14	1	3	0.00	1.00	0.38	0	0	0	0	0	0	#DIV/0!	0	0	6	3	6	3	0.500	0	0			1	2	0.67	1	0.33	F						8
335	22	Krista Klumpp	0.24	1.19	0.20	1	0	6	17	2	-0.18	0.00	1	0	9	0.00	0.02	0.24	14	15	1	2	0.00	1.00	0.24	0	0	0	0	0	0	#DIV/0!	0	0	5	2	5	2	0.400	0	0			1	1	0.50	1	0.50	F						6
283	22	Russell Hantz	0.24	0.88	0.27	0	0	3	9	1	-0.33	0.00	0	0	9	0.00	-0.06	0.24	10	17	3	1	0.00	1.00	0.24	0	0	0	0	0	0	#DIV/0!	0	0	3	2	3	2	0.667	0	0			2	1	1.00	0	0.00	M						3
336	22	Kristina Kell	0.14	1.02	0.14	0	0	7	22	3	-0.11	0.00	0	0	9	0.00	0.03	0.14	12	16	1	3	0.00	1.00	0.14	0	0	0	0	0	0	#DIV/0!	0	0	4	1	4	1	0.250	0	0			1	3	1.00	0	0.00	F					2	9
337	22	Francesca Hogi	0.00	0.61	0.00	0	0	4	9	1	-0.44	0.00	0	0	9	0.00	-0.44	0.00	6	18	1	1	0.00	1.00	0.00	0	0	0	0	0	0	#DIV/0!	0	0	2	0	2	0	0.000	0	0			3	1	1.00	0	0.00	F						4
270	23	Coach Wade	1.55	11.48	0.13	0	13	0	101	13	1.00	7.00	13	3	9	0.33	1.47	10.55	39	2	1	0	1.00	0.00	8.55	0	0	10	1	10	1	0.10	0	0	7	4	7	4	0.571	0	0	1	0	0	0	0.00	12	1.00	M						0
338	23	Sophie Clarke	3.55	10.98	0.32	0	11	5	101	13	0.84	2.63	10	6	9	0.67	1.83	10.18	39	1	3	2	0.85	0.15	6.18	0	0	10	3	10	3	0.30	0	0	7	4	7	4	0.571	0	0			0	3	0.23	7	0.70	F						5
339	23	Albert Destrade	1.55	10.98	0.14	0	11	1	101	13	0.85	4.74	12	0	9	0.00	0.99	6.28	39	3	1	2	0.85	0.15	6.28	0	0	10	1	10	1	0.10	0	0	7	4	7	4	0.571	0	0			0	1	0.08	11	0.92	M						1
184	23	Ozzy Lusth	5.93	8.48	0.70	0	2	17	62	8	0.22	0.33	5	0	9	0.00	0.92	6.27	38	4	3	6	0.25	0.75	6.27	0	0	4	2	4	2	0.50	0	0	7	3	7	3	0.429	0	0	1	1	15	3	0.38	3	0.50	M						17
340	23	Brandon Hantz	1.55	9.48	0.16	0	10	4	92	11	0.91	3.18	9	0	9	0.00	1.07	4.73	36	6	1	1	0.91	0.09	4.73	0	0	8	1	8	1	0.13	0	0	7	4	7	4	0.571	0	0			1	2	0.18	8	0.80	M						4
341	23	Elyse Umemoto	0.27	1.15	0.23	0	2	3	24	3	0.63	2.67	2	0	9	0.00	0.86	2.93	15	15	1	1	0.67	0.33	2.93	0	0	0	0	0	0	#DIV/0!	0	0	6	2	6	2	0.333	0	0			1	1	0.33	2	0.67	F						3
342	23	Whitney Duncan	1.68	6.48	0.26	0	4	7	80	9	0.43	1.13	8	0	9	0.00	0.69	2.82	28	9	1	5	0.44	0.56	2.82	0	0	5	1	5	1	0.20	0	0	7	3	7	3	0.429	0	0			1	1	0.11	7	0.88	F						7
343	23	Dawn Meehan	1.43	6.48	0.22	0	5	9	72	8	0.61	1.35	6	0	9	0.00	0.83	2.78	28	10	1	3	0.63	0.38	2.78	0	0	4	1	4	1	0.25	0	0	7	3	7	3	0.429	0	0			1	2	0.25	5	0.71	F						9
344	23	Mikayla Wingle	0.38	1.31	0.29	0	2	4	24	3	0.61	2.33	2	0	9	0.00	0.90	2.71	17	14	1	1	0.67	0.33	2.71	0	0	0	0	0	0	#DIV/0!	0	0	6	3	6	3	0.500	0	0			1	1	0.33	2	0.67	F						4
345	23	Christine Shields-Markoski	2.61	3.24	0.81	0	0	4	9	1	-0.44	0.00	0	0	9	0.00	0.36	2.61	20	13	1	1	0.00	1.00	2.61	0	0	0	0	0	0	#DIV/0!	0	0	2	1	2	1	0.500	0	0			15	1	1.00	0	0.00	F						4
346	23	Jim Rice	1.43	4.48	0.32	0	3	8	63	7	0.41	1.00	5	0	9	0.00	0.73	2.43	25	12	1	4	0.43	0.57	2.43	0	0	3	1	3	1	0.33	0	0	7	3	7	3	0.429	0	0			1	2	0.29	4	0.67	M						8
347	23	Keith Tollefson	0.68	2.48	0.28	0	3	6	42	5	0.57	1.68	4	0	9	0.00	0.85	2.36	25	11	1	2	0.60	0.40	2.36	0	0	1	0	1	0	0.00	0	0	7	3	7	3	0.429	0	0			4	1	0.20	4	0.80	M						6
348	23	Rick Nelson	0.55	9.98	0.05	1	10	11	97	12	0.82	1.56	9	0	9	0.00	0.88	2.10	37	5	1	2	0.83	0.17	2.10	0	0	9	0	9	0	0.00	0	0	7	4	7	4	0.571	0	0			0	3	0.25	9	0.75	M						11
349	23	John Cochran	0.43	7.48	0.06	0	8	13	87	10	0.79	1.32	3	0	9	0.00	0.84	1.75	31	8	1	2	0.80	0.20	1.75	0	0	7	0	7	0	0.00	0	0	7	3	7	3	0.429	0	0			1	7	0.70	3	0.30	M						13
350	23	Edna Ma	0.55	8.48	0.06	2	7	15	87	10	0.68	1.03	4	0	9	0.00	0.75	1.58	33	7	1	3	0.70	0.30	1.58	0	0	7	0	7	0	0.00	0	0	7	4	7	4	0.571	0	0			1	6	0.60	4	0.40	F						15
351	23	Papa Bear Caruso	0.13	0.86	0.15	0	1	6	17	2	0.32	1.40	1	0	9	0.00	0.47	1.53	9	17	1	1	0.50	0.50	1.53	0	0	0	0	0	0	#DIV/0!	0	0	3	1	3	1	0.333	0	0			1	1	0.50	1	0.50	M						6
352	23	Stacey Powell	0.24	1.00	0.24	0	0	10	17	2	-0.29	0.00	0	0	9	0.00	-0.06	0.24	12	16	1	2	0.00	1.00	0.24	0	0	0	0	0	0	#DIV/0!	0	0	4	2	4	2	0.500	0	0			1	2	1.00	0	0.00	F						10
353	23	Semhar Tadesse	0.00	0.61	0.00	0	0	8	9	1	-0.89	0.00	0	0	9	0.00	-0.89	0.00	6	18	1	1	0.00	1.00	0.00	0	0	0	0	0	0	#DIV/0!	0	0	1	0	1	0	0.000	0	0			3	1	1.00	0	0.00	F						8
354	24	Kim Spradlin	6.08	13.81	0.44	0	9	3	80	10	0.90	3.60	8	7	9	0.78	2.11	14.35	39	1	1	1	0.90	0.10	9.68	3	1	9	4	12	5	0.42	8	5	5	2	13	7	0.538	0	0			0	2	0.20	3	0.50	F						3
355	24	Sabrina Robinson	1.08	13.81	0.08	1	9	2	80	10	0.90	4.20	8	2	9	0.22	1.20	6.61	39	2	1	1	0.90	0.10	5.28	3	0	9	0	12	0	0.00	8	5	5	2	13	7	0.538	0	0			0	2	0.20	8	0.80	F						2
356	24	Chelsea Meissner	3.05	13.81	0.22	0	9	4	80	10	0.90	3.15	7	0	9	0.00	1.12	6.20	39	3	1	1	0.90	0.10	6.20	3	1	9	1	12	2	0.17	8	5	5	2	13	7	0.538	0	0			0	3	0.30	5	0.56	F						4
357	24	Troyzan Robertson	3.32	7.81	0.43	0	4	4	67	7	0.56	2.00	5	0	9	0.00	0.99	5.32	30	8	1	3	0.57	0.43	5.32	1	0	5	2	6	2	0.33	8	5	5	4	13	9	0.692	0	0			0	2	0.29	3	0.60	M					2	6
358	24	Jay Byars	2.32	4.81	0.48	1	4	5	50	5	0.78	2.49	4	0	9	0.00	1.26	4.81	25	10	1	1	0.80	0.20	4.81	0	0	3	1	3	1	0.33	8	5	5	4	13	9	0.692	0	0			0	1	0.20	3	0.75	M						5
359	24	Alicia Rosa	1.80	12.81	0.14	0	7	5	83	10	0.69	2.18	8	0	9	0.00	0.83	3.97	37	5	1	3	0.70	0.30	3.97	3	0	8	1	11	1	0.09	8	4	5	1	13	5	0.385	0	0			0	2	0.20	7	0.78	F						5
360	24	Kat Edorsson	2.08	9.81	0.21	0	5	7	65	7	0.70	1.82	5	0	9	0.00	0.91	3.90	33	7	1	2	0.71	0.29	3.90	2	1	6	0	8	1	0.13	8	5	5	2	13	7	0.538	0	0			0	2	0.29	4	0.57	F						7
361	24	Leif Manson	0.70	5.81	0.12	1	4	5	66	7	0.56	1.78	5	0	9	0.00	0.68	2.48	27	9	1	3	0.57	0.43	2.48	0	0	4	0	4	0	0.00	8	2	5	3	13	5	0.385	0	0			0	2	0.29	5	0.71	M						5
362	24	Colton Cumbie*	0.50	1.24	0.41	1	3	1	24	3	0.69	1.91	2	0	9	0.00	1.10	2.41	16	13	1	0	1.00	0.00	2.41	0	0	0	0	0	0	#DIV/0!	5	1	5	3	10	4	0.400	0	0			0	1	0.33	2	0.67	M						1
363	24	Michael Jefferson	1.03	3.48	0.30	1	2	9	40	4	0.44	1.08	2	0	9	0.00	0.74	2.11	22	11	1	2	0.50	0.50	2.11	0	0	2	0	2	0	0.00	7	3	5	4	12	7	0.583	0	0			0	2	0.50	2	0.50	M						9
364	24	Jonas Otsuji	0.36	2.41	0.15	1	3	10	36	4	0.68	1.50	3	0	9	0.00	0.83	1.86	20	12	1	1	0.75	0.25	1.86	0	0	1	0	1	0	0.00	6	1	5	2	11	3	0.273	0	0			0	1	0.25	3	0.75	M						10
365	24	Tarzan Smith	0.58	11.68	0.05	3	7	12	87	10	0.69	1.23	6	0	9	0.00	0.74	1.80	36	6	1	3	0.70	0.30	1.80	3	0	7	0	10	0	0.00	8	2	5	2	13	4	0.308	0	0			0	4	0.40	6	0.60	M						12
366	24	Christina Cha	0.80	13.81	0.06	0	5	9	87	11	0.45	0.98	7	0	9	0.00	0.50	1.77	38	4	1	6	0.45	0.55	1.77	3	0	9	0	12	0	0.00	8	4	5	1	13	5	0.385	0	0			0	4	0.36	7	0.64	F						9
367	24	Bill Posley	0.50	0.79	0.64	1	1	8	17	2	0.26	1.17	0	0	9	0.00	0.90	1.67	11	15	1	1	0.50	0.50	1.67	0	0	0	0	0	0	#DIV/0!	3	1	4	3	7	4	0.571	0	0			0	2	1.00	0	0.00	M						8
368	24	Monica Culpepper	0.43	1.08	0.40	0	0	5	15	2	-0.17	0.00	1	0	9	0.00	0.23	0.43	14	14	1	2	0.00	1.00	0.43	0	0	0	0	0	0	#DIV/0!	4	2	5	1	9	3	0.333	0	0			0	1	0.50	1	0.50	F						5
369	24	Matt Quinlan	0.36	0.65	0.56	0	0	7	9	1	-0.78	0.00	0	0	9	0.00	-0.22	0.36	8	16	1	1	0.00	1.00	0.36	0	0	0	0	0	0	#DIV/0!	2	1	3	2	5	3	0.600	0	0			0	1	1.00	0	0.00	M						7
370	24	Kourtney Moon*	0.00	0.11	0.00	0	0	0	0	0	-1.00	0.00	0	0	9	0.00	-1.00	0.00	3	18	1	0	#DIV/0!	#DIV/0!	0.00	0	0	0	0	0	0	#DIV/0!	0	0	1	0	1	0	0.000	0	0			0	0	#DIV/0!	0	#DIV/0!	F						0
371	24	Nina Acosta	0.00	0.36	0.00	0	0	6	8	1	-0.75	0.00	0	0	9	0.00	-0.75	0.00	5	17	1	1	0.00	1.00	0.00	0	0	0	0	0	0	#DIV/0!	1	0	2	0	3	0	0.000	0	0			0	1	1.00	0	0.00	F						6
27	25	Mike Skupin	4.05	13.36	0.30	1	6	0	60	8	0.75	5.25	8	1	8	0.13	1.18	10.05	39	2	2	2	0.75	0.25	9.30	3	1	8	2	11	3	0.27	5	1	6	3	11	4	0.455	2	0			0	0	0.00	5	0.83	M						0
372	25	Denise Stapley	1.65	13.36	0.12	0	11	6	89	14	0.78	2.20	10	6	8	0.75	1.65	8.35	39	1	1	3	0.79	0.21	3.85	3	0	8	1	11	1	0.09	5	3	6	0	11	3	0.273	0	0			0	4	0.29	9	0.69	F						6
373	25	Malcolm Freberg	5.21	13.36	0.39	0	9	6	78	12	0.74	2.10	9	0	8	0	1.13	7.31	38	4	1	3	0.75	0.25	7.31	3	2	8	2	11	4	0.36	5	4	6	2	11	6	0.545	0	0			0	3	0.25	5	0.50	M						6
374	25	Lisa Whelchel	0.99	13.36	0.07	2	5	0	60	8	0.63	4.38	8	1	8	0.13	0.82	6.12	39	2	1	3	0.63	0.38	5.37	3	0	8	0	11	0	0.00	5	2	6	3	11	5	0.500	1	0			0	0	0.00	8	1.00	F						0
375	25	Carter Williams	3.38	9.36	0.36	0	5	5	62	8	0.61	1.94	7	0	8	0	0.98	5.33	33	6	1	3	0.63	0.38	5.33	1	0	6	2	7	2	0.29	5	3	6	2	11	5	0.545	2	0			0	1	0.13	5	0.83	M						5
189	25	Jonathan Penner	2.33	7.36	0.32	0	4	9	56	7	0.55	1.23	3	0	8	0	0.87	3.56	30	7	3	3	0.57	0.43	3.56	0	0	5	1	5	1	0.20	5	3	6	2	11	5	0.545	2	0			0	4	0.57	2	0.33	M					5	14
376	25	Artis Silvester	1.25	5.11	0.24	1	2	5	30	3	0.61	2.07	2	0	8	0	0.86	3.33	25	9	1	1	0.67	0.33	3.33	0	0	3	0	3	0	0.00	4	1	6	4	10	5	0.600	2	0			0	1	0.33	2	0.67	M						5
377	25	Jeff Kent	0.88	3.86	0.23	0	3	5	32	4	0.71	2.33	3	0	8	0	0.94	3.22	22	10	1	1	0.75	0.25	3.22	0	0	2	0	2	0	0.00	3	1	6	2	9	3	0.444	2	0			0	1	0.25	3	0.75	M						5
295	25	Russ Swan	0.00	0.95	0.00	0	3	4	18	4	0.69	2.63	1	0	8	0	0.69	2.63	10	15	2	1	0.75	0.25	2.63	0	0	0	0	0	0	#DIV/0!	0	0	4	0	4	0	0.000	0	0			0	3	0.75	1	0.25	M						4
378	25	Pete Yurkowski	1.50	6.36	0.24	0	2	9	38	4	0.44	1.08	1	0	8	0	0.68	2.58	27	8	1	2	0.50	0.50	2.58	0	0	4	0	4	0	0.00	5	2	6	4	11	6	0.636	2	0			0	3	0.75	1	0.25	M						9
379	25	Angie Layton	0.00	0.62	0.00	0	2	4	15	3	0.58	2.33	1	0	8	0	0.58	2.33	8	16	1	1	0.67	0.33	2.33	0	0	0	0	0	0	#DIV/0!	0	0	3	0	3	0	0.000	0	0			0	2	0.67	1	0.33	F						4
380	25	Abi-Maria Gomes	1.48	11.36	0.13	6	2	6	56	7	0.27	0.80	3	0	8	0	0.40	2.28	36	5	1	5	0.29	0.71	2.28	2	0	7	1	9	1	0.11	5	2	6	0	11	2	0.227	1	0			0	4	0.57	2	0.33	F					3	9
381	25	Katie Hanson	0.27	1.66	0.16	2	1	4	11	2	0.32	1.75	1	0	8	0	0.48	2.02	16	12	1	1	0.50	0.50	2.02	0	0	0	0	0	0	#DIV/0!	2	0	6	1	8	1	0.188	1	0			0	1	0.50	1	0.50	F						4
382	25	Roxy Morris	0.00	0.37	0.00	0	1	4	11	2	0.32	1.75	1	0	8	0	0.32	1.75	6	17	1	1	0.50	0.50	1.75	0	0	0	0	0	0	#DIV/0!	0	0	2	0	2	0	0.000	0	0			0	1	0.50	1	0.50	F						4
383	25	RC Saint-Amour	0.92	2.66	0.35	2	0	4	11	1	-0.36	0.00	0	0	8	0	-0.02	0.92	19	11	1	1	0.00	1.00	0.92	0	0	1	0	1	0	0.00	2	1	6	3	8	4	0.625	2	0			0	1	1.00	0	0.00	F						4
384	25	Dana Lambert*	0.52	1.09	0.47	1	0	0	0	0	-1.00	0.00	0	0	8	0	-0.53	0.52	12	14	1	0	#DIV/0!	#DIV/0!	0.52	0	0	0	0	0	0	#DIV/0!	1	0	4	2	5	2	0.500	1	0			0	0	#DIV/0!	0	#DIV/0!	F						0
385	25	Sarah Dawson	0.17	1.26	0.13	3	0	5	6	1	-0.83	0.00	0	0	8	0	-0.70	0.17	13	13	1	1	0.00	1.00	0.17	0	0	0	0	0	0	#DIV/0!	1	0	5	1	6	1	0.167	0	0			0	1	1.00	0	0.00	F						5
386	25	Zane Knight	0.00	0.17	0.00	0	0	5	6	1	-0.83	0.00	0	0	8	0	-0.83	0.00	3	18	1	1	0.00	1.00	0.00	0	0	0	0	0	0	#DIV/0!	0	0	1	0	1	0	0.000	0	0			0	1	1.00	0	0.00	M						5
349	26	John Cochran	5.03	11.73	0.43	1	8	0	99	12	0.67	4.67	12	8	8	1	2.10	15.70	39	1	2	4	0.67	0.33	9.70	2	1	8	3	10	4	0.40	6	4	6	3	12	7	0.583	0	0			0	0	0.00	8	0.89	M						0
343	26	Dawn Meehan	1.65	11.73	0.14	2	9	2	99	12	0.75	3.50	10	0	8	0	0.89	5.15	39	2	2	3	0.75	0.25	5.15	2	0	8	1	10	1	0.10	6	3	6	2	12	5	0.417	0	0			0	2	0.17	9	0.82	F						2
311	26	Brenda Lowe	3.07	9.73	0.32	1	5	5	82	9	0.55	1.73	7	0	8	0	0.86	4.79	36	6	2	4	0.56	0.44	4.79	1	1	7	1	8	2	0.25	6	3	6	5	12	8	0.667	0	0			0	2	0.22	5	0.63	F						5
239	26	Erik Reichenbach*	2.47	9.73	0.25	1	6	2	82	9	0.59	1.53	7	0	8	0	0.85	3.99	36	5	2	3	0.67	0.33	3.99	1	0	7	1	8	1	0.13	6	5	6	5	12	10	0.833	0	0			0	2	0.22	6	0.75	F						2
327	26	Andrea Boehlke	2.07	7.73	0.27	1	6	13	76	8	0.73	1.24	4	0	8	0	1.00	3.30	33	7	2	2	0.75	0.25	3.30	0	0	6	1	6	1	0.17	6	3	6	5	12	8	0.667	0	0			0	4	0.50	3	0.43	F						13
373	26	Malcolm Freberg	1.23	5.73	0.22	0	3	3	61	6	0.49	2.00	4	0	8	0	0.71	3.23	30	9	2	3	0.50	0.50	3.23	0	0	4	0	4	0	0.00	6	4	6	5	12	9	0.750	0	0			0	2	0.33	4	0.67	M					2	5
328	26	Phillip Sheppard	0.96	4.73	0.20	1	5	5	65	7	0.70	2.22	5	0	8	0	0.91	3.18	28	10	2	2	0.71	0.29	3.18	0	0	3	0	3	0	0.00	6	4	6	3	12	7	0.583	0	0			0	2	0.29	5	0.71	M						5
387	26	Sherri Biethman	0.41	11.73	0.03	2	9	6	93	11	0.81	2.29	9	0	8	0	0.85	2.70	39	2	1	2	0.82	0.18	2.70	2	0	8	0	10	0	0.00	6	1	6	2	12	3	0.250	0	0			0	2	0.18	9	0.82	F						6
254	26	Corinne Kaplan	0.61	2.33	0.26	1	4	7	44	5	0.77	2.04	4	0	8	0	1.03	2.65	22	12	1	1	0.80	0.20	2.65	0	0	5	1	5	1	0.20	4	3	6	2	10	5	0.500	0	0			0	1	0.20	3	0.75	F					1	8
388	26	Reynold Toepfer	1.98	6.73	0.29	0	2	8	76	8	0.24	0.58	4	0	8	0	0.53	2.56	31	8	2	6	0.25	0.75	2.56	0	0	1	0	1	0	0.00	6	3	6	3	12	6	0.500	0	0			0	4	0.50	4	0.50	M						8
389	26	Julia Landauer	0.10	1.33	0.08	0	3	5	39	5	0.57	1.87	3	0	8	0	0.65	1.97	19	13	1	2	0.60	0.40	1.97	0	0	0	0	0	0	#DIV/0!	4	0	6	1	10	1	0.100	0	0			0	2	0.40	3	0.60	F						5
390	26	Laura Alexander	0.10	0.69	0.14	1	2	6	26	3	0.59	1.87	2	0	8	0	0.73	1.97	10	16	1	1	0.67	0.33	1.97	0	0	0	0	0	0	#DIV/0!	2	0	4	1	6	1	0.167	0	0			0	1	0.33	2	0.67	F						6
391	26	Matt Bischoff	0.10	1.00	0.10	0	2	4	33	4	0.47	1.75	3	0	8	0	0.57	1.85	16	14	1	2	0.50	0.50	1.85	0	0	0	0	0	0	#DIV/0!	3	0	5	1	8	1	0.125	0	0			0	1	0.25	3	0.75	M						4
392	26	Michael Snow	0.30	3.53	0.08	0	3	10	62	7	0.41	0.86	5	0	8	0	0.49	1.16	25	11	1	4	0.43	0.57	1.16	0	0	2	0	2	0	0.00	5	1	6	1	11	2	0.182	0	0			0	2	0.29	5	0.71	M						10
393	26	Eddie Fox	0.78	11.73	0.07	0	2	12	93	11	0.17	0.32	5	0	8	0	0.24	1.09	38	4	1	9	0.18	0.82	1.09	2	0	8	0	10	0	0.00	6	2	6	3	12	5	0.417	0	0			0	6	0.55	5	0.45	M					4	16
340	26	Brandon Hantz	0.76	0.86	0.88	0	0	8	19	2	-0.21	0.00	1	0	8	0	0.67	0.76	13	15	2	2	0.00	1.00	0.76	0	0	0	0	0	0	#DIV/0!	3	3	4	3	7	6	0.857	0	0			0	1	0.50	1	0.50	M						8
394	26	Shamar Thomas*	0.10	0.55	0.18	0	1	7	19	2	0.15	0.49	0	0	8	0	0.33	0.59	10	17	1	1	0.50	0.50	0.59	0	0	0	0	0	0	#DIV/0!	2	0	3	1	5	1	0.200	0	0			0	2	1.00	0	0.00	M						7
337	26	Francesca Hogi	0.10	0.20	0.50	0	0	6	10	1	-0.60	0.00	0	0	8	0	-0.10	0.10	3	20	2	1	0.00	1.00	0.10	0	0	0	0	0	0	#DIV/0!	1	1	1	0	2	1	0.500	0	0			0	1	1.00	0	0.00	F						6
395	26	Allie Pohevitz	0.10	0.31	0.32	0	0	6	10	1	-0.60	0.00	0	0	8	0	-0.28	0.10	5	19	1	1	0.00	1.00	0.10	0	0	0	0	0	0	#DIV/0!	1	0	2	1	3	1	0.333	0	0			0	1	1.00	0	0.00	F						6
396	26	Hope Driskill	0.10	0.42	0.24	0	0	3	19	2	-0.08	0.00	1	0	8	0	0.16	0.10	7	18	1	2	0.00	1.00	0.10	0	0	0	0	0	0	#DIV/0!	1	0	3	1	4	1	0.250	0	0			0	1	0.50	1	0.50	F						3
273	27	Tyson Apostol	2.91	10.11	0.29	0	9	2	83	11	0.82	3.82	9	7	8	0.875	1.98	11.98	39.5	1	3	2	0.82	0.18	6.73	0	0	9	2	9	2	0.22	0	0	7	6	7	6	0.857	0	0			0	2	0.18	7	0.78	M						2
368	27	Monica Culpepper	3.40	10.11	0.34	2	12	4	94	13	0.92	3.23	10	1	8	0.125	1.38	7.38	39.5	2	2	1	0.92	0.08	6.63	0	0	9	3	9	3	0.33	0	0	7	3	7	3	0.429	0	0			0	3	0.23	7	0.70	F						4
7	27	Gervase Peterson	1.91	10.11	0.19	0	10	4	83	11	0.90	3.18	6	0	8	0	1.09	5.09	39.5	3	2	1	0.91	0.09	5.09	0	0	9	1	9	1	0.11	0	0	7	6	7	6	0.857	0	0			0	5	0.45	5	0.50	M					2	6
291	27	Laura Morett.	3.30	8.75	0.38	1	4	19	56	6	0.61	0.81	1	0	8	0	0.99	4.11	36.5	6	2	2	0.67	0.33	4.11	0	0	4	0	4	0	0.00	0	0	5	4	5	4	0.800	0	0			16	5	0.83	1	0.17	F						19
397	27	Caleb Bankston	0.57	6.61	0.09	0	9	4	85	10	0.90	3.15	8	0	8	0	0.98	3.72	30.5	9	1	1	0.90	0.10	3.72	0	0	5	0	5	0	0.00	0	0	7	3	7	3	0.429	0	0			1	2	0.20	8	0.80	M						4
398	27	John Cody	1.75	3.38	0.52	0	3	8	34	4	0.69	1.75	2	0	8	0	1.21	3.50	19.5	13	1	1	0.75	0.25	3.50	0	0	0	0	0	0	#DIV/0!	0	0	3	0	3	0	0.000	0	0			11	2	0.50	2	0.50	M						8
399	27	Katie Collins	1.20	7.61	0.16	0	7	4	102	13	0.54	1.88	9	0	8	0	0.69	3.08	33.5	8	1	6	0.54	0.46	3.08	0	0	6	1	6	1	0.17	0	0	7	1	7	1	0.143	0	0			1	4	0.31	8	0.67	F						4
400	27	Brad Culpepper	0.25	1.55	0.16	0	4	4	40	5	0.78	2.80	3	0	8	0	0.94	3.05	14.5	15	1	1	0.80	0.20	3.05	0	0	0	0	0	0	#DIV/0!	0	0	4	0	4	0	0.000	0	0			4	2	0.40	3	0.60	M						4
401	27	Vytas Baskauskas	1.70	4.11	0.41	0	6	10	72	9	0.65	1.33	6	0	8	0	1.06	3.03	27.5	10	1	3	0.67	0.33	3.03	0	0	2	1	2	1	0.50	0	0	7	1	7	1	0.143	0	0			5	3	0.33	5	0.63	M						10
17	27	Tina Wesson	1.88	8.61	0.22	1	5	10	68	9	0.54	1.11	6	0	8	0	0.76	2.99	38.5	4	3	4	0.56	0.44	2.99	0	0	5	0	5	0	0.00	0	0	7	3	7	3	0.429	0	0			12	3	0.33	6	0.67	F	12/26/1961					10
402	27	Hayden Moss	0.57	8.61	0.07	0	8	6	96	12	0.66	1.87	9	0	8	0	0.73	2.43	36.5	7	1	4	0.67	0.33	2.43	0	0	7	0	7	0	0.00	0	0	7	3	7	3	0.429	0	0			1	3	0.25	9	0.75	M						6
403	27	Ciera Eastin	1.37	9.11	0.15	0	8	13	101	13	0.61	1.01	6	0	8	0	0.76	2.38	37.5	5	1	5	0.62	0.38	2.38	0	0	8	1	8	1	0.13	0	0	7	2	7	2	0.286	0	0			0	7	0.54	5	0.42	F						13
360	27	Kat Edorsson	0.25	1.41	0.18	2	2	5	24	3	0.60	2.07	2	0	8	0	0.78	2.33	17.5	14	2	1	0.67	0.33	2.33	0	0	0	0	0	0	#DIV/0!	0	0	6	2	6	2	0.333	0	0			1	1	0.33	2	0.67	F						5
167	27	Aras Baskauskas	0.91	2.61	0.35	0	1	7	29	3	0.25	0.85	2	0	8	0	0.60	1.76	25.5	11	2	2	0.33	0.67	1.76	0	0	1	0	1	0	0.00	0	0	7	6	7	6	0.857	0	0			4	1	0.33	2	0.67	M						7
404	27	Laura Boneham	0.55	2.11	0.26	1	2	11	29	4	0.41	0.93	1	0	8	0	0.66	1.48	19.5	12	1	2	0.50	0.50	1.48	0	0	0	0	0	0	#DIV/0!	0	0	7	4	7	4	0.571	0	0			1	3	0.75	1	0.25	F						11
362	27	Colton Cumbie*	0.24	0.24	1.00	0	1	0	10	1	0.26	1.08	1	0	8	0	1.26	1.31	7.5	19	2	0	1.00	0.00	1.31	0	0	0	0	0	0	#DIV/0!	0	0	2	2	2	2	1.000	0	0			0	0	0.00	1	1.00	M						0
190	27	Candice Cody	1.25	2.00	0.63	0	0	6	10	1	-0.60	0.00	0	0	8	0	0.03	1.25	11.5	16	3	1	0.00	1.00	1.25	0	0	0	0	0	0	#DIV/0!	0	0	0	0	0	0	#DIV/0!	0	0			10	1	1.00	0	0.00	F						6
405	27	Rachel Foulger	0.00	0.74	0.00	0	1	5	27	3	0.27	1.04	2	0	8	0	0.27	1.04	7.5	18	1	2	0.33	0.67	1.04	0	0	0	0	0	0	#DIV/0!	0	0	2	0	2	0	0.000	0	0			1	1	0.33	2	0.67	F						5
406	27	Marissa Peterson	0.50	1.61	0.31	0	0	10	19	2	-0.26	0.00	0	0	8	0	0.05	0.50	9.5	17	1	2	0.00	1.00	0.50	0	0	0	0	0	0	#DIV/0!	0	0	1	0	1	0	0.000	0	0			6	2	1.00	0	0.00	F						10
104	27	Rupert Boneham	0.00	0.50	0.00	0	0	0	10	1	0.00	0.00	1	0	8	0	0.00	0.00	4.5	20	4	1	0.00	1.00	0.00	0	0	0	0	0	0	#DIV/0!	0	0	0	0	0	0	#DIV/0!	0	0			4	0	0.00	1	1.00	M	1/27/1964					0
407	28	Tony Vlachos	2.28	12.94	0.18	2	9	5	67	9	0.99	3.11	7	8	9	0.8888888889	2.06	10.73	39	1	1	0	1.00	0.00	5.40	1	1	9	0	10	1	0.10	7	3	6	2	13	5	0.462	2	0			0	0	0.00	6	0.67	M						5
408	28	Woo Hwang	3.53	12.94	0.27	1	9	4	68	10	0.89	3.15	7	1	9	0.1111111111	1.28	7.35	39	2	1	1	0.90	0.10	6.68	1	0	9	2	10	2	0.20	7	3	6	3	13	6	0.538	2	0			0	3	0.30	5	0.63	M						4
409	28	Tasha Fox	3.54	8.94	0.40	1	6	4	73	10	0.59	2.10	8	0	9	0	0.99	5.64	33	6	1	4	0.60	0.40	5.64	0	0	6	3	6	3	0.50	7	1	6	1	13	2	0.192	1	0			0	2	0.20	5	0.71	F						4
410	28	Spencer Bledsoe	4.41	11.94	0.37	0	6	8	82	12	0.49	1.17	7	0	9	0	0.86	5.58	37	4	1	6	0.50	0.50	5.58	1	0	8	3	9	3	0.33	7	4	6	1	13	5	0.423	1	0			0	5	0.42	4	0.44	M						8
411	28	Kass McQuillen	1.63	12.94	0.13	1	9	2	83	12	0.75	3.50	10	0	9	0	0.87	5.13	38	3	1	3	0.75	0.25	5.13	1	0	9	1	10	1	0.10	7	1	6	1	13	2	0.192	1	0			0	2	0.17	9	0.82	F						2
412	28	Jefra Bland	1.76	7.61	0.23	1	5	9	58	7	0.69	1.54	4	0	9	0	0.92	3.30	30	7	1	2	0.71	0.29	3.30	0	0	5	0	5	0	0.00	6	5	6	3	12	8	0.708	1	0			0	3	0.43	4	0.57	F						9
413	28	Trish Hegarty	1.33	10.94	0.12	1	5	5	63	8	0.62	1.94	5	0	9	0	0.74	3.27	36	5	1	3	0.63	0.38	3.27	1	0	7	0	8	0	0.00	7	2	6	3	13	5	0.500	3	0			0	3	0.38	5	0.63	F						5
414	28	LJ McKanas	1.51	5.36	0.28	0	3	8	43	5	0.56	1.40	2	0	9	0	0.84	2.91	25	9	1	2	0.60	0.40	2.91	0	0	3	0	3	0	0.00	5	4	6	3	11	7	0.682	1	0			0	3	0.60	2	0.40	M						8
415	28	Jeremiah Wood	1.72	6.61	0.26	0	2	9	51	6	0.30	0.72	2	0	9	0	0.56	2.43	28	8	1	4	0.33	0.67	2.43	0	0	4	0	4	0	0.00	6	4	6	3	12	7	0.625	1	0			0	4	0.67	2	0.33	M						9
416	28	Sarah Lacina	0.83	2.83	0.29	1	1	6	18	2	0.33	1.40	1	0	9	0	0.63	2.23	19	11	1	1	0.50	0.50	2.23	0	0	1	0	1	0	0.00	3	0	6	3	9	3	0.444	2	0			0	1	0.50	1	0.50	F						6
417	28	Garrett Adelstein	0.00	0.37	0.00	0	1	3	11	2	0.36	2.00	1	0	9	0	0.36	2.00	6	17	1	1	0.50	0.50	2.00	0	0	0	0	0	0	#DIV/0!	0	0	2	0	2	0	0.000	0	0			0	1	0.50	1	0.50	M						3
418	28	Alexis Maxwell	0.68	1.83	0.37	3	1	8	13	2	0.19	1.17	0	0	9	0	0.57	1.85	16	12	1	1	0.50	0.50	1.85	0	0	0	0	0	0	#DIV/0!	3	1	6	2	9	3	0.389	1	0			0	2	1.00	0	0.00	F						8
419	28	J'Tia Taylor	0.13	1.12	0.11	0	2	7	15	3	0.51	1.70	0	0	9	0	0.62	1.82	11	15	1	1	0.67	0.33	1.82	0	0	0	0	0	0	#DIV/0!	1	0	4	0	5	0	0.100	1	0			0	3	1.00	0	0.00	F						7
420	28	Morgan McLeod	0.72	4.03	0.18	3	1	8	34	4	0.19	0.58	2	0	9	0	0.37	1.30	22	10	1	3	0.25	0.75	1.30	0	0	2	0	2	0	0.00	4	1	6	2	10	3	0.350	1	0			0	2	0.50	2	0.50	F						8
421	28	Cliff Robinson	0.73	1.43	0.51	1	0	4	7	1	-0.57	0.00	0	0	9	0	-0.06	0.73	14	14	1	1	0.00	1.00	0.73	0	0	0	0	0	0	#DIV/0!	2	1	5	1	7	2	0.500	3	0			0	1	1.00	0	0.00	M						4
422	28	Lindsey Ogle*	0.55	1.43	0.39	2	0	6	13	1	-0.46	0.00	1	0	9	0	-0.08	0.55	14	13	1	1	0.00	1.00	0.55	0	0	0	0	0	0	#DIV/0!	2	1	5	1	7	2	0.429	2	0			0	0	0.00	1	1.00	F						6
423	28	Brice Johnston	0.17	0.62	0.27	1	0	2	6	1	-0.33	0.00	0	0	9	0	-0.06	0.17	8	16	1	1	0.00	1.00	0.17	0	0	0	0	0	0	#DIV/0!	0	0	3	1	3	1	0.333	0	0			0	1	1.00	0	0.00	M						2
424	28	David Samson	0.00	0.17	0.00	0	0	4	6	1	-0.67	0.00	0	0	9	0	-0.67	0.00	3	18	1	1	0.00	1.00	0.00	0	0	0	0	0	0	#DIV/0!	0	0	1	0	1	0	0.000	0	0			0	1	1.00	0	0.00	M						4
425	29	Natalie Anderson	3.07	13.82	0.22	0	7	0	69	9	0.78	5.44	9	5	8	0.625	1.62	12.27	39.5	1	1	2	0.78	0.22	8.52	3	1	9	1	12	2	0.17	4	2	6	5	10	7	0.700	0	0			3	0	0.00	7	0.88	F						0
426	29	Jaclyn Schultz	1.42	14.36	0.10	0	9	2	97	13	0.69	3.23	10	2	8	0.25	1.04	6.15	39.5	2	1	4	0.69	0.31	4.65	3	0	9	1	12	1	0.08	4	1	6	1	10	2	0.200	0	0			2	3	0.23	9	0.75	F						2
427	29	Keith Nale	4.77	14.32	0.33	2	4	13	82	11	0.35	0.60	4	0	8	0	0.68	5.37	38.5	4	1	7	0.36	0.64	5.37	3	1	9	3	12	4	0.33	4	2	6	2	10	4	0.400	0	0			3	7	0.64	0	0.00	M					3	16
428	29	Jon Misch	2.44	11.32	0.22	1	5	2	73	9	0.55	2.59	7	0	8	0	0.77	5.04	35.5	6	1	4	0.56	0.44	5.04	2	0	7	1	9	1	0.11	4	2	6	3	10	5	0.500	0	0			4	2	0.22	6	0.75	M					4	6
429	29	Jeremy Collins	2.57	4.74	0.54	1	2	5	30	3	0.61	2.07	2	0	8	0	1.15	4.64	24.5	10	1	1	0.67	0.33	4.64	0	0	3	1	3	1	0.33	2	2	6	5	8	7	0.875	0	0			3	1	0.33	1	0.50	M						5
430	29	Missy Payne	0.69	13.82	0.05	4	7	3	82	11	0.63	2.55	8	1	8	0.125	0.81	3.99	39.5	3	1	4	0.64	0.36	3.24	3	0	9	0	12	0	0.00	4	1	6	3	10	4	0.400	0	0			0	3	0.27	8	0.73	F						3
431	29	Wes Nale	1.18	6.03	0.20	0	3	2	54	6	0.49	2.33	4	0	8	0	0.69	3.51	26.5	9	1	3	0.50	0.50	3.51	0	0	4	0	4	0	0.00	3	1	6	3	9	4	0.444	0	0			1	2	0.33	4	0.67	M						2
432	29	Reed Kelly	2.82	7.99	0.35	0	1	10	47	5	0.16	0.40	3	0	8	0	0.51	3.22	29.5	8	1	4	0.20	0.80	3.22	1	0	5	1	6	1	0.17	3	3	6	5	9	8	0.889	0	0			0	2	0.40	2	0.50	M						10
433	29	Alec Christy	0.93	9.53	0.10	0	4	4	69	8	0.49	1.75	6	0	8	0	0.59	2.68	32.5	7	1	4	0.50	0.50	2.68	2	0	6	0	8	0	0.00	3	2	6	3	9	5	0.556	0	0			2	2	0.25	6	0.75	M						4
434	29	Baylor Wilson	1.37	13.36	0.10	0	8	16	93	12	0.65	0.93	6	0	8	0	0.75	2.30	37.5	5	1	4	0.67	0.33	2.30	3	0	8	1	11	1	0.09	4	1	6	1	10	2	0.200	0	0			1	6	0.50	5	0.45	F						16
435	29	Kelley Wentworth	0.36	0.67	0.54	1	1	4	16	2	0.38	1.75	0	0	8	0	0.91	2.11	13.5	14	1	1	0.50	0.50	2.11	0	0	0	0	0	0	#DIV/0!	0	0	5	3	5	3	0.600	0	0			0	2	1.00	0	0.00	F						4
436	29	Josh Canfield	0.48	3.08	0.15	0	2	6	35	4	0.46	1.40	2	0	8	0	0.61	1.88	21.5	11	1	2	0.50	0.50	1.88	0	0	2	0	2	0	0.00	1	0	6	3	7	3	0.429	0	0			1	2	0.50	2	0.50	M						6
437	29	Julie McGee*	0.88	2.34	0.38	2	1	2	9	1	-0.28	0.78	0	0	8	0	0.54	1.66	18.5	12	1	0	1.00	0.00	1.66	0	0	1	0	1	0	0.00	0	0	6	3	6	3	0.500	0	0			0	1	1.00	0	0.00	F						2
438	29	John Rocker	0.00	0.90	0.00	0	1	5	24	3	0.26	1.04	2	0	8	0	0.26	1.04	8.5	16	1	2	0.33	0.67	1.04	0	0	0	0	0	0	#DIV/0!	0	0	3	0	3	0	0.000	0	0			1	1	0.33	2	0.67	M						5
439	29	Dale Wentworth	0.17	0.88	0.19	1	1	8	37	5	0.16	0.47	1	0	8	0	0.35	0.63	15.5	13	1	4	0.20	0.80	0.63	0	0	0	0	0	0	#DIV/0!	0	0	6	1	6	1	0.167	0	0			0	4	0.80	1	0.20	M						8
440	29	Drew Christy	0.36	0.53	0.68	0	0	5	9	1	-0.56	0.00	0	0	8	0	0.13	0.36	10.5	15	1	1	0.00	1.00	0.36	0	0	0	0	0	0	#DIV/0!	0	0	4	3	4	3	0.750	0	0			1	1	1.00	0	0.00	M						5
441	29	Nadiya Anderson	0.00	0.11	0.00	0	0	5	9	1	-0.56	0.00	0	0	8	0	-0.56	0.00	3.5	18	1	1	0.00	1.00	0.00	0	0	0	0	0	0	#DIV/0!	0	0	1	0	1	0	0.000	0	0			0	1	1.00	0	0.00	F						5
442	29	Val Collins	0.00	0.74	0.00	0	0	4	17	2	-0.12	0.00	1	0	8	0	-0.12	0.00	6.5	17	1	2	0.00	1.00	0.00	0	0	0	0	0	0	#DIV/0!	0	0	2	0	2	0	0.000	0	0			2	1	0.50	1	0.50	F						4
443	30	Mike Holloway	7.54	13.80	0.55	1	9	0	86	11	0.82	5.73	10	6	8	0.75	2.11	17.76	39	1	1	2	0.82	0.18	13.26	2	1	9	5	11	6	0.5454545455	7	4	6	2	13	6	0.538	2	0			0	1	0.09	4	0.67	M					4	4
444	30	Carolyn Rivera	3.80	13.80	0.28	0	9	5	86	11	0.81	2.55	7	1	8	0.125	1.21	7.10	39	2	1	2	0.82	0.18	6.35	2	0	9	2	11	2	0.1818181818	7	4	6	2	13	6	0.577	3	0			0	4	0.36	5	0.56	F					5	10
445	30	Joe Anglim	3.95	5.89	0.67	0	3	8	51	6	0.47	1.17	4	0	8	0	1.15	5.12	24	10	1	3	0.50	0.50	5.12	1	1	3	2	4	3	0.75	4	2	6	3	10	5	0.500	0	0			0	2	0.33	1	0.25	M						8
446	30	Will Sims	1.58	13.80	0.11	1	6	4	91	12	0.50	1.75	10	1	8	0.125	0.74	4.08	39	2	1	6	0.50	0.50	3.33	2	0	9	0	11	0	0	7	4	6	3	13	7	0.538	0	0			0	2	0.17	10	0.83	M						4
447	30	Tyler Fredrickson	2.16	9.47	0.23	1	3	5	70	8	0.37	1.17	6	0	8	0	0.59	3.33	32	7	1	5	0.38	0.63	3.33	1	0	6	1	7	1	0.1428571429	6	3	6	2	12	5	0.500	2	0			0	2	0.25	5	0.71	M						5
448	30	Sierra Thomas	1.20	12.80	0.09	0	5	6	82	10	0.49	1.40	8	0	8	0	0.59	2.60	37	5	1	5	0.50	0.50	2.60	2	0	8	0	10	0	0	7	3	6	2	13	5	0.462	2	0			0	2	0.20	8	0.80	F						6
449	30	Hali Ford	1.00	4.69	0.21	0	3	8	41	5	0.56	1.40	3	0	8	0	0.77	2.40	22	11	1	2	0.60	0.40	2.40	1	0	2	0	3	0	0	3	2	6	3	9	5	0.556	0	0			0	2	0.40	3	0.60	F						8
450	30	Dan Foley	1.12	10.80	0.10	2	5	9	77	10	0.49	1.08	5	0	8	0	0.59	2.20	35	6	1	5	0.50	0.50	2.20	1	0	7	0	8	0	0	7	3	6	2	13	5	0.462	2	0			0	5	0.50	5	0.50	M						9
451	30	Max Dawson	0.55	1.35	0.41	0	1	5	13	2	0.31	1.56	1	0	8	0	0.71	2.11	14	14	1	1	0.50	0.50	2.11	0	0	0	0	0	0	#DIV/0!	2	0	5	1	7	1	0.357	3	0			0	1	0.50	1	0.50	M						5
452	30	Shirin Oskooi	0.63	8.14	0.08	1	4	7	63	7	0.56	1.45	5	0	8	0	0.63	2.08	29	8	1	3	0.57	0.43	2.08	1	0	5	0	6	0	0	5	1	6	1	11	2	0.273	2	0			0	2	0.29	5	0.71	F						7
453	30	Jenn Brown	1.00	6.89	0.15	0	4	11	60	7	0.55	1.07	3	0	8	0	0.69	2.07	27	9	1	3	0.57	0.43	2.07	1	0	4	0	5	0	0	4	2	6	3	10	5	0.500	0	0			0	4	0.57	3	0.43	F					7	18
454	30	Rodney Lavoie	0.67	13.80	0.05	1	4	5	86	11	0.36	1.13	8	0	8	0	0.41	1.80	38	4	1	7	0.36	0.64	1.80	2	0	9	0	11	0	0	7	1	6	2	13	3	0.308	2	0			0	3	0.27	8	0.73	M						5
455	30	Kelly Remington	0.62	2.69	0.23	1	1	4	25	3	0.28	1.17	2	0	8	0	0.51	1.78	19	12	1	2	0.33	0.67	1.78	0	0	1	0	1	0	0	3	1	6	2	9	3	0.389	1	0			0	1	0.33	2	0.67	F						4
456	30	Joaquin Souberbielle	0.84	1.69	0.50	1	0	4	13	2	-0.15	0.00	1	0	8	0	0.34	0.84	16	13	1	2	0.00	1.00	0.84	0	0	0	0	0	0	0	3	1	6	2	9	3	0.500	3	0			0	1	0.50	1	0.50	M						4
457	30	Lindsey Cascaddan	0.18	1.07	0.17	2	0	2	6	1	-0.33	0.00	0	0	8	0	-0.16	0.18	11	15	1	1	0.00	1.00	0.18	0	0	0	0	0	0	0	1	0	4	0	5	0	0.200	2	0			0	1	1.00	0	0.00	F						2
458	30	Nina Poersch	0.17	0.57	0.29	1	0	4	11	2	-0.18	0.00	0	0	8	0	0.11	0.17	8	16	1	2	0.00	1.00	0.17	0	0	0	0	0	0	0	0	0	3	1	3	1	0.333	0	0			0	2	1.00	0	0.00	F						4
459	30	Vince Sly	0.17	0.37	0.45	0	0	3	6	1	-0.50	0.00	0	0	8	0	-0.05	0.17	6	17	1	1	0.00	1.00	0.17	0	0	0	0	0	0	0	0	0	2	1	2	1	0.500	0	0			0	1	1.00	0	0.00	M						3
460	30	So Kim	0.00	2.17	0.00	0	0	4	6	1	-0.67	0.00	0	0	8	0	-0.67	0.00	3	18	1	1	0.00	1.00	0.00	0	0	0	0	0	0	0	0	0	1	0	1	0	0.000	0	0			0	1	1.00	0	0.00	F						4
403	31	Ciera Eastin	1.23	5.93	0.21	4	3	10	53	5	0.56	1.20	2	0	10	0	0.77	2.43	26	10	2	2	0.60	0.40	2.43	0	0	4	0	4	0	0.00	5	5	6	2	11	7	0.636	0	0			0	3	0.60	2	0.40	F			0.0			10
411	31	Kass McQuillen	0.75	2.36	0.32	1	1	6	20	2	0.35	1.40	1	0	10	0	0.67	2.15	19	13	2	1	0.50	0.50	2.15	0	0	1	0	1	0	0.00	2	1	6	3	8	4	0.625	2	0			0	1	0.50	1	0.50	F			0.0			6
28	31	Kimmi Kappenberg	0.80	12.93	0.06	1	5	2	82	9	0.55	2.59	8	0	10	0	0.62	3.40	36	6	2	4	0.56	0.44	3.40	3	0	8	0	11	0	0.00	5	1	6	4	11	5	0.500	1	0			0	1	0.11	8	0.89	F	11/11/1972		-72.9			2
288	31	Monica Padilla	0.29	1.08	0.27	2	0	3	6	1	-0.50	0.00	1	0	10	0	-0.23	0.29	13	16	2	1	0.00	1.00	0.29	0	0	0	0	0	0	#DIV/0!	1	0	5	2	6	2	0.417	1	0			0	0	0.00	1	1.00	F			0.0			3
409	31	Tasha Fox	1.13	14.93	0.08	1	7	5	96	12	0.58	1.81	8	0	10	0	0.65	2.94	39	2	2	5	0.58	0.42	2.94	3	0	10	0	13	0	0.00	5	2	6	4	11	6	0.591	1	0			0	4	0.33	8	0.67	F			0.0			5
106	31	Andrew Savage	1.23	4.03	0.30	0	3	4	43	5	0.58	2.10	3	0	10	0	0.89	3.33	21	12	2	2	0.60	0.40	3.33	0	0	2	0	2	0	0.00	3	1	6	3	9	4	0.500	1	0	1	1	0	2	0.40	3	0.60	M			0.0			4
429	31	Jeremy Collins	1.64	15.43	0.11	2	7	0	91	11	0.64	4.45	9	10	10	1	1.74	12.09	39	1	2	4	0.64	0.36	6.09	3	0	10	1	13	1	0.08	5	0	6	4	11	4	0.409	1	0	1	0	0	2	0.18	8	0.80	M			0.0		3	3
445	31	Joe Anglim	5.56	9.93	0.56	0	0	8	63	5	-0.03	0.00	3	0	10	0	0.53	5.56	32	8	2	5	0.00	1.00	5.56	2	0	6	4	8	4	0.50	5	4	6	4	11	8	0.818	2	0			0	2	0.40	-1	-1.00	M			0.0			8
427	31	Keith Nale	3.16	13.93	0.23	0	2	4	81	9	0.22	0.78	6	0	10	0	0.44	3.94	37	5	2	7	0.22	0.78	3.94	3	1	9	1	12	2	0.17	5	2	6	4	11	6	0.636	2	0			0	3	0.33	4	0.50	M			0.0			4
267	31	Stephen Fishbach	1.84	7.93	0.23	2	4	4	61	7	0.56	2.00	4	0	10	0	0.79	3.84	29	9	2	3	0.57	0.43	3.84	1	1	5	0	6	1	0.17	5	1	6	4	11	5	0.500	1	0			0	3	0.43	3	0.43	M			0.0		5	9
380	31	Abi-Maria Gomes	0.72	11.93	0.06	2	8	14	107	12	0.66	1.04	6	0	10	0	0.72	1.75	35	7	2	4	0.67	0.33	1.75	3	0	7	0	10	0	0.00	5	2	6	1	11	3	0.318	1	0			0	6	0.50	6	0.50	F			0.0			14
435	31	Kelley Wentworth	3.83	14.93	0.26	2	6	5	104	12	0.50	1.56	7	0	10	0	0.75	5.38	38	4	2	6	0.50	0.50	5.38	3	1	10	2	13	3	0.23	5	2	6	2	11	4	0.409	1	0			0	5	0.42	4	0.40	F			0.0		12	17
2	31	Kelly Wiglesworth	0.72	4.73	0.15	1	1	8	68	7	0.13	0.33	5	0	10	0	0.28	1.05	24	11	2	6	0.14	0.86	1.05	0	0	3	0	3	0	0.00	4	2	6	1	10	3	0.350	1	0			0	2	0.29	5	0.71	F			0.0			8
226	31	Peih-Gee Law	0.00	0.38	0.00	0	2	4	25	3	0.61	2.33	2	0	10	0	0.61	2.33	9	18	2	1	0.67	0.33	2.33	0	0	0	0	0	0	#DIV/0!	0	0	3	0	3	0	0.000	0	0			0	1	0.33	2	0.67	F	4/7/1978		-78.3			4
452	31	Shirin Oskooi	0.00	0.21	0.00	0	1	5	19	2	0.37	1.56	1	0	10	0	0.37	1.56	6	19	2	1	0.50	0.50	1.56	0	0	0	0	0	0	#DIV/0!	0	0	2	0	2	0	0.000	0	0			0	1	0.50	1	0.50	F			0.0			5
26	31	Jeff Varner	0.00	0.58	0.00	0	3	4	30	4	0.72	2.63	3	0	10	0	0.72	2.63	11	17	2	1	0.75	0.25	2.63	0	0	0	0	0	0	#DIV/0!	0	0	4	0	4	0	0.000	0	0			0	1	0.25	3	0.75	M	4/16/1966		-66.3			4
410	31	Spencer Bledsoe	3.95	14.93	0.26	1	9	11	117	14	0.64	1.20	7	0	10	0	0.90	5.15	39	2	2	5	0.64	0.36	5.15	3	0	10	3	13	3	0.23	5	3	6	1	11	4	0.409	1	0			0	7	0.50	4	0.36	M			0.0			11
169	31	Terry Deitz*	0.52	1.58	0.33	1	0	0	19	2	-0.08	0.00	2	0	10	0	0.25	0.52	13	15	2	2	0.00	1.00	0.52	0	0	0	0	0	0	#DIV/0!	1	0	5	1	6	1	0.333	2	0	1	1	0	0	0.00	2	1.00	M			0.0			0
401	31	Vytas Baskauskas	0.00	0.10	0.00	0	0	6	10	1	-0.60	0.00	0	0	10	0	-0.60	0.00	3	20	2	1	0.00	1.00	0.00	0	0	0	0	0	0	#DIV/0!	0	0	1	0	1	0	0.000	0	0			0	1	1.00	0	0.00	M			0.0			6
408	31	Woo Hwang	0.52	1.36	0.38	0	2	5	37	5	0.37	1.24	3	0	10	0	0.75	1.76	16	14	2	3	0.40	0.60	1.76	0	0	0	0	0	0	#DIV/0!	2	1	6	1	8	2	0.313	1	0			0	2	0.40	3	0.60	M			0.0			5
461	32	Alecia Holden	0.13	3.45	0.04	0	2	8	15	3	0.49	1.56	0	0	7	0	0.53	1.68	11	14	1	1	0.67	0.33	1.68	0	0	0	0	0	0	#DIV/0!	1	0	4	0	5	0	0.100	1	0			0	3	1.00	0	0.00	F			0.0			8
462	32	Cydney Gillon	1.96	12.40	0.16	0	7	5	60	9	0.77	2.42	7	0	7	0	0.93	4.38	37	4	1	2	0.78	0.22	4.38	2.5	0	7	1	10	1	0.10	6	1	6	2	12	3	0.292	1	0			0	2	0.22	6	0.75	F			0.0			5
463	32	Darnell Hamilton	0.00	0.17	0.00	0	0	3	6	1	-0.50	0.00	0	0	7	0	-0.50	0.00	3	18	1	1	0.00	1.00	0.00	0	0	0	0	0	0	#DIV/0!	0	0	1	0	1	0	0.000	0	0			0	1	1.00	0	0.00	M			0.0			3
464	32	Jennifer Lanzetti	0.00	0.37	0.00	0	1	3	11	2	0.36	2.00	1	0	7	0	0.36	2.00	6	17	1	1	0.50	0.50	2.00	0	0	0	0	0	0	#DIV/0!	0	0	2	0	2	0	0.000	0	0			0	1	0.50	1	0.50	F			0.0			3
465	32	Kyle Jason	2.04	9.40	0.22	1	2	5	56	8	0.24	0.78	6	0	7	0	0.46	2.82	32	6	1	6	0.25	0.75	2.82	0.5	0	6	1	7	1	0.14	5	2	6	2	11	4	0.409	1	0			0	2	0.25	5	0.71	M			0.0			5
466	32	Scot Pollard	0.74	6.57	0.11	0	4	7	54	8	0.48	1.27	5	0	7	0	0.60	2.01	27	8	1	4	0.50	0.50	2.01	0.5	0	4	0	5	0	0.00	4	3	6	0	10	3	0.350	1	0			0	3	0.38	5	0.63	M			0.0			7
467	32	Aubry Bracco	1.93	13.40	0.14	1	8	8	63	9	0.87	2.07	5	2	7	0.2857142857	1.30	5.72	39	2	1	1	0.89	0.11	4.01	3.5	1	7	0	11	1	0.09	6	2	6	2	12	4	0.375	1	0			0	4	0.44	4	0.44	F			0.0			8
468	32	Debbie Wanner	1.20	5.07	0.24	1	2	5	25	3	0.60	2.07	1	0	7	0	0.84	3.27	24	9	1	1	0.67	0.33	3.27	0	0	3	0	3	0	0.00	4	2	6	4	10	6	0.600	0	0			0	2	0.67	1	0.33	F			0.0			5
469	32	Joe Del Campo*	1.68	10.40	0.16	3	6	1	59	8	0.66	1.87	7	0	7	0	0.82	3.55	34	5	1	2	0.75	0.25	3.55	1.5	1	6	0	8	1	0.13	5	2	6	1	11	3	0.318	1	0			0	1	0.13	6	0.75	M			0.0			1
470	32	Liz Markham	0.27	0.62	0.43	0	0	2	6	1	-0.33	0.00	0	0	7	0	0.10	0.27	8	16	1	1	0.00	1.00	0.27	0	0	0	0	0	0	#DIV/0!	0	0	3	1	3	1	0.500	1	0			0	1	1.00	0	0.00	F			0.0			2
471	32	Neal Gottlieb*	0.85	2.62	0.32	1	0	0	6	1	-0.32	0.00	1	0	7	0	0.00	0.85	19	11	1	1	0.00	1.00	0.85	0	0	1	0	1	0	0.00	2	0	6	4	8	4	0.563	1	0			0	0	0.00	1	1.00	M			0.0			0
472	32	Peter Baggenstos	0.93	1.62	0.58	0	1	7	18	3	0.20	0.85	0	0	7	0	0.78	1.78	16	12	1	2	0.33	0.67	1.78	0	0	0	0	0	0	#DIV/0!	2	2	6	2	8	4	0.563	1	0			0	3	1.00	0	0.00	M			0.0			7
473	32	Anna Khait	0.41	1.28	0.32	2	0	5	6	1	-0.83	0.00	0	0	7	0	-0.52	0.41	14	13	1	1	0.00	1.00	0.41	0	0	0	0	0	0	#DIV/0!	1	0	5	1	6	1	0.333	2	0			0	1	1.00	0	0.00	F			0.0			5
474	32	Caleb Reynolds*	0.66	0.87	0.76	0	0	0	0	0	-1.00	0.00	0	0	7	0	-0.24	0.66	9	15	1	0	#DIV/0!	#DIV/0!	0.66	0	0	0	0	0	0	#DIV/0!	1	0	4	2	5	2	0.600	2	0			0	0	#DIV/0!	0	#DIV/0!	M			0.0			0
475	32	Julia Sokolowski	2.58	8.07	0.32	2	3	7	40	5	0.57	1.53	3	0	7	0	0.88	4.10	29	7	1	2	0.60	0.40	4.10	0.5	0.5	5	1	6	2	0.33	5	3	5	1	10	4	0.500	2	0			3	2	0.40	1	0.25	F			0.0			7
476	32	Michele Fitzgerald	5.20	13.40	0.39	1	4	2	45	6	0.66	3.11	5	5	7	0.7142857143	1.76	12.60	39	1	1	2	0.67	0.33	8.31	3.5	1.5	7	2	11	4	0.36	6	2	6	3	12	5	0.542	3	0			0	1	0.17	1	0.25	F	5/5/1990	3/30/2015	24.9			2
477	32	Nick Maiorano	2.32	3.82	0.61	0	0	6	10	1	-0.60	0.00	0	0	7	0	0.01	2.32	22	10	1	1	0.00	1.00	2.32	0	0	2	1	2	1	0.50	3	1	6	4	9	5	0.722	3	0			0	1	1.00	-1	#DIV/0!	M			0.0			6
478	32	Tai Trang	3.11	13.40	0.23	1	5	4	57	9	0.55	1.94	6	0	7	0	0.78	5.05	39	3	1	4	0.56	0.44	5.05	3.5	0.5	7	1	11	2	0.18	6	4	6	2	12	6	0.583	2	0			0	3	0.33	4	0.50	M			0.0			4
479	33	Adam Klein	1.76	13.22	0.13	2	9	6	100	12	0.75	2.10	7	10	10	1	1.88	9.86	39	1	1	3	0.75	0.25	3.86	1	0	10	1	11	1	0.09	6	1	7	3	13	4	0.346	1	0			0	5	0.42	6	0.55	M						6
480	33	Ken McNickle	4.75	13.22	0.36	0	12	2	117	14	0.86	4.00	12	0	10	0	1.22	8.75	39	2	1	2	0.86	0.14	8.75	1	0	10	4	11	4	0.36	6	2	7	2	13	4	0.346	1	0			0	2	0.14	8	0.80	M						2
481	33	David Wright	3.15	13.22	0.24	1	12	10	117	14	0.85	1.71	8	0	10	0	1.09	4.87	38	4	1	2	0.86	0.14	4.87	1	0	10	2	11	2	0.18	6	4	7	1	13	5	0.462	2	0			0	6	0.43	6	0.50	M						10
482	33	Jay Starrett	4.04	11.22	0.36	1	3	9	92	10	0.29	0.65	6	0	10	0	0.65	4.68	36	6	1	7	0.30	0.70	4.68	1	1	8	2	9	3	0.33	6	0	7	5	13	5	0.462	2	0			0	4	0.40	3	0.38	M					1	10
483	33	Hannah Shapiro	1.11	13.22	0.08	3	9	5	101	14	0.64	2.00	10	0	10	0	0.72	3.11	39	2	1	5	0.64	0.36	3.11	1	0	10	0	11	0	0.00	6	1	7	5	13	6	0.500	1	0			0	4	0.29	10	0.71	F					4	9
484	33	Will Wahl	1.59	9.22	0.17	4	4	6	79	8	0.49	1.40	6	0	10	0	0.66	2.99	34	8	1	4	0.50	0.50	2.99	1	0	6	1	7	1	0.14	6	0	7	3	13	3	0.308	2	0			0	2	0.25	5	0.71	M						6
485	33	Michaela Bradshaw	1.04	1.52	0.68	0	1	4	16	2	0.38	1.75	1	0	10	0	1.06	2.79	20	14	1	1	0.50	0.50	2.79	0	0	0	0	0	0	#DIV/0!	3	0	7	5	10	5	0.600	2	0			0	1	0.50	1	0.50	F						4
486	33	Zeke Smith	1.62	8.22	0.20	1	4	10	70	7	0.55	1.14	5	0	10	0	0.75	2.76	33	9	1	3	0.57	0.43	2.76	1	0	5	0	6	0	0.00	6	4	7	3	13	7	0.615	2	0			0	2	0.29	5	0.71	M						10
487	33	Sunday Burquest	1.26	10.22	0.12	2	5	5	103	11	0.45	1.41	8	0	10	0	0.57	2.68	35	7	1	6	0.45	0.55	2.68	1	0	7	0	8	0	0.00	6	4	7	2	13	6	0.500	1	0			0	3	0.27	8	0.73	F						5
488	33	Chris Hammons	1.15	4.89	0.24	0	4	7	68	7	0.56	1.45	6	0	10	0	0.79	2.61	28	11	1	3	0.57	0.43	2.61	0	0	3	0	3	0	0.00	5	4	7	1	12	5	0.500	2	0			0	1	0.14	6	0.86	M						7
489	33	Bret LaBelle	1.39	12.22	0.11	2	5	5	114	13	0.38	1.20	10	0	10	0	0.49	2.58	37	5	1	8	0.38	0.62	2.58	1	0	9	0	10	0	0.00	6	4	7	3	13	7	0.538	0	0			0	3	0.23	10	0.77	M						5
490	33	Michelle Schubert	1.09	2.52	0.43	1	2	10	28	3	0.55	1.33	1	0	10	0	0.98	2.42	23	13	1	1	0.67	0.33	2.42	0	0	1	0	1	0	0.00	3	2	7	3	10	5	0.600	2	0			0	2	0.67	1	0.33	F						10
491	33	Jessica Lewis	0.59	6.22	0.09	1	4	4	78	8	0.49	1.75	6	0	10	0	0.59	2.34	30	10	1	4	0.50	0.50	2.34	0	0	4	0	4	0	0.00	6	1	7	2	13	3	0.269	1	0			0	2	0.25	6	0.75	F					5	9
492	33	Figgy Figueroa	0.44	1.02	0.43	0	1	6	15	2	0.30	1.40	0	0	10	0	0.73	1.84	18	15	1	1	0.50	0.50	1.84	0	0	0	0	0	0	#DIV/0!	2	0	6	2	8	2	0.313	1	0			0	2	1.00	0	0.00	F						6
493	33	Lucy Huang	0.24	0.57	0.41	0	1	2	27	3	0.31	1.56	2	0	10	0	0.72	1.79	12	17	1	2	0.33	0.67	1.79	0	0	0	0	0	0	#DIV/0!	1	1	4	1	5	2	0.400	0	0			0	1	0.33	2	0.67	F						2
494	33	Paul Wachter	0.11	0.32	0.34	0	1	6	19	2	0.34	1.40	1	0	10	0	0.69	1.51	10	18	1	1	0.50	0.50	1.51	0	0	0	0	0	0	#DIV/0!	0	0	3	1	3	1	0.333	0	0			0	1	0.50	1	0.50	M						6
495	33	Taylor Stocker	0.85	3.69	0.23	0	1	7	40	4	0.21	0.64	3	0	10	0	0.44	1.49	25	12	1	3	0.25	0.75	1.49	0	0	2	0	2	0	0.00	4	1	7	4	11	5	0.500	1	0			0	1	0.25	3	0.75	M						7
496	33	CeCe Taylor	0.24	0.77	0.31	0	2	11	32	4	0.41	0.93	0	0	10	0	0.72	1.17	15	16	1	2	0.50	0.50	1.17	0	0	0	0	0	0	#DIV/0!	1	1	5	1	6	2	0.333	0	0			0	4	1.00	0	0.00	F						11
497	33	Mari Takahashi	0.10	0.21	0.47	0	0	7	10	1	-0.70	0.00	0	0	10	0	-0.23	0.10	7	19	1	1	0.00	1.00	0.10	0	0	0	0	0	0	#DIV/0!	0	0	2	1	2	1	0.500	0	0			0	1	1.00	0	0.00	F						7
498	33	Rachel Ako	0.00	0.10	0.00	0	0	5	10	1	-0.50	0.00	0	0	10	0	-0.50	0.00	4	20	1	1	0.00	1.00	0.00	0	0	0	0	0	0	#DIV/0!	0	0	1	0	1	0	0.000	0	0			0	1	1.00	0	0.00	F						5
400	34	Brad Culpepper	6.56	12.81	0.51	0	8	2	103	12	0.67	3.11	5	3	10	0.30	1.48	11.47	39	2	2	4	0.67	0.33	9.67	0	0	10	5	10	5	0.50	6	3	7	5	13	8	0.615	0	0	1	1	0	7	0.58	0	0.00	M						2
416	34	Sarah Lacina	1.14	12.31	0.09	0	11	0	99	13	0.85	5.92	6	7	10	0.70	1.64	11.26	39	1	2	2	0.85	0.15	7.06	0	0	10	0	10	0	0.00	6	3	7	3	13	6	0.538	2	0			0	7	0.54	6	0.46	F					3	3
327	34	Andrea Boehlke	3.84	8.31	0.46	0	5	14	77	8	0.60	0.97	5	0	10	0.00	1.06	4.81	33	8	3	3	0.63	0.38	4.81	0	0	6	2	6	2	0.33	6	6	7	3	13	9	0.769	2	0			0	3	0.38	3	0.50	M						14
357	34	Troyzan Robertson	1.64	12.81	0.13	2	8	2	105	12	0.67	3.11	6	0	10	0	0.79	4.75	39	3	2	4	0.67	0.33	4.75	0	0	10	1	10	1	0.10	6	1	7	2	13	3	0.308	2	0	1	0	0	6	0.50	5	0.45	F						2
170	34	Cirie Fields	0.87	10.31	0.08	2	4	0	77	8	0.50	3.50	4	0	10	0	0.58	4.37	36	6	4	4	0.50	0.50	4.37	0	0	8	0	8	0	0.00	6	1	7	4	13	5	0.423	1	0			0	4	0.50	4	0.50	F						0
467	34	Aubry Bracco	2.29	11.31	0.20	0	6	8	117	13	0.46	1.08	5	0	10	0	0.66	3.36	37	5	2	7	0.46	0.54	3.36	0	0	9	1	9	1	0.11	6	3	7	3	13	6	0.500	1	0			0	8	0.62	4	0.33	M					1	9
468	34	Debbie Wanner	0.92	4.63	0.20	0	6	6	60	7	0.84	2.40	4	0	10	0	1.04	3.32	26	11	2	1	0.86	0.14	3.32	0	0	3	0	3	0	0.00	4	3	6	3	10	6	0.600	0	0			3	3	0.43	4	0.57	F						6
478	34	Tai Trang	1.85	12.81	0.14	0	9	10	109	13	0.69	1.38	5	0	10	0	0.83	3.23	38	4	2	4	0.69	0.31	3.23	0	0	10	1	10	1	0.10	6	2	7	3	13	5	0.385	0	0	1	1	0	8	0.62	4	0.33	F						10
184	34	Ozzy Lusth	1.10	4.07	0.27	0	3	7	39	4	0.71	1.91	3	0	10	0	0.98	3.01	24	12	4	1	0.75	0.25	3.01	0	0	2	0	2	0	0.00	3	3	7	3	10	6	0.700	2	0	1	0	0	1	0.25	3	0.75	F						7
373	34	Malcolm Freberg	0.42	1.08	0.39	0	2	5	30	3	0.61	2.07	2	0	10	0	1.00	2.49	11	17	3	1	0.67	0.33	2.49	0	0	0	0	0	0	#DIV/0!	0	0	4	1	4	1	0.250	0	0	1	1	0	1	0.33	2	0.67	M						5
449	34	Hali Ford	0.49	2.41	0.20	0	4	8	49	5	0.77	1.87	2	0	10	0	0.97	2.35	21	13	2	1	0.80	0.20	2.35	0	0	1	0	1	0	0.00	2	0	7	3	9	3	0.333	0	0			0	3	0.60	2	0.40	F						8
486	34	Zeke Smith	1.30	5.97	0.22	0	3	11	60	6	0.47	0.93	3	0	10	0	0.69	2.24	29	10	2	3	0.50	0.50	2.24	0	0	4	0	4	0	0.00	5	4	7	3	12	7	0.667	2	0			0	3	0.50	3	0.50	M						11
448	34	Sierra Thomas	0.90	7.31	0.12	0	4	9	73	7	0.55	1.23	3	0	10	0	0.68	2.13	32	9	2	3	0.57	0.43	2.13	0	0	5	0	5	0	0.00	6	1	7	5	13	6	0.462	0	0			0	4	0.57	3	0.43	F					6	15
474	34	Caleb Reynolds	0.00	0.38	0.00	0	2	5	25	3	0.60	2.07	2	0	10	0	0.60	2.07	9	18	2	1	0.67	0.33	2.07	0	0	0	0	0	0	#DIV/0!	0	0	3	0	3	0	0.000	0	0			0	1	0.33	2	0.67	M						5
26	34	Jeff Varner	0.41	1.41	0.29	0	3	6	48	6	0.48	1.40	4	0	10	0	0.77	1.81	18	14	3	3	0.50	0.50	1.81	0	0	0	0	0	0	#DIV/0!	2	1	7	1	9	2	0.278	1	0			0	2	0.33	4	0.67	F						6
485	34	Michaela Bradshaw	0.55	9.31	0.06	1	7	11	106	11	0.63	1.19	4	0	10	0	0.69	1.74	35	7	2	4	0.64	0.36	1.74	0	0	7	0	7	0	0.00	6	0	7	3	13	3	0.269	1	0			0	7	0.64	4	0.36	M						11
97	34	Sandra Diaz-Twine	0.27	1.12	0.24	1	2	5	42	5	0.38	1.24	3	0	10	0	0.61	1.51	16	15	3	3	0.40	0.60	1.51	0	0	0	0	0	0	#DIV/0!	1	0	6	1	7	1	0.214	1	0			0	2	0.40	3	0.60	M	7/30/1974					5
407	34	Tony Vlachos	0.00	0.21	0.00	0	1	7	19	2	0.32	1.27	1	0	10	0	0.32	1.27	6	19	2	1	0.50	0.50	1.27	0	0	0	0	0	0	#DIV/0!	0	0	2	0	2	0	0.000	0	0			0	1	0.50	1	0.50	M						7
266	34	J.T. Thomas	0.73	1.48	0.49	0	0	3	16	2	-0.09	0.00	0	0	10	0	0.40	0.73	13	16	3	2	0.00	1.00	0.73	0	0	0	0	0	0	#DIV/0!	1	0	5	3	6	3	0.583	1	0	1	1	0	2	1.00	0	0.00	M						3
403	34	Ciera Eastin	0.00	0.10	0.00	0	0	9	10	1	-0.90	0.00	0	0	10	0	-0.90	0.00	3	20	3	1	0.00	1.00	0.00	0	0	0	0	0	0	#DIV/0!	0	0	1	0	1	0	0.000	0	0			0	1	1.00	0	0.00	F						9
499	35	Ben Driebergen	1.78	14.28	0.12	1	7	2	73	9	0.77	3.63	5	5	8	0.625	1.52	9.16	39	1	1	2	0.78	0.22	5.41	2	0	9	0	11	0	0.00	8	2	6	4	14	6	0.571	4	0			0	4	0.44	5	0.56	M					9	11
500	35	Chrissy Hofbeck	6.43	14.28	0.45	1	5	7	82	11	0.45	1.16	9	2	8	0.25	1.15	9.09	39	2	1	6	0.45	0.55	7.59	2	1	9	4	11	5	0.45	8	4	6	1	14	5	0.464	3	0			0	2	0.18	4	0.57	F						7
501	35	Devon Pinto	1.53	14.28	0.11	1	9	1	82	10	0.90	5.04	9	0	8	0	1.01	6.57	38	4	1	1	0.90	0.10	6.57	2	0	9	0	11	0	0.00	8	4	6	0	14	4	0.393	3	0			0	1	0.10	9	0.90	M						1
502	35	Lauren Rimmer	2.86	10.78	0.27	4	6	3	67	7	0.85	3.43	5	0	8	0	1.12	6.29	33	7	1	1	0.86	0.14	6.29	2	1	6	1	8	2	0.25	7	1	6	2	13	3	0.308	2	0			0	2	0.29	3	0.50	F						3
503	35	Ryan Ulrich	0.63	14.28	0.04	1	8	0	87	12	0.67	4.67	11	1	8	0.125	0.84	6.05	39	3	1	4	0.67	0.33	5.30	2	0	9	0	11	0	0.00	8	2	6	0	14	2	0.214	2	0			0	1	0.08	11	0.92	M					2	2
504	35	Ashley Nolan	3.13	12.28	0.26	0	5	8	72	9	0.54	1.30	6	0	8	0	0.80	4.43	36	6	1	4	0.56	0.44	4.43	2	0	7	2	9	2	0.22	8	2	6	1	14	3	0.357	4	0			0	3	0.33	4	0.57	F						8
505	35	Desi Williams	2.13	4.33	0.49	0	1	4	26	3	0.28	1.17	2	0	8	0	0.77	3.30	21	11	1	2	0.33	0.67	3.30	0	0	2	0	2	0	0.00	5	2	6	2	11	4	0.500	3	0			0	1	0.33	2	0.67	F						4
506	35	Cole Medders	2.98	5.53	0.54	0	0	7	32	3	-0.07	0.00	2	0	8	0	0.47	2.98	24	10	1	3	0.00	1.00	2.98	0	0	3	1	3	1	0.33	6	4	6	5	12	9	0.875	3	0			0	1	0.33	1	0.50	M						7
507	35	JP Hilsabeck	0.93	7.53	0.12	0	5	6	56	7	0.70	2.00	5	0	8	0	0.82	2.93	27	9	1	2	0.71	0.29	2.93	1	0	4	0	5	0	0.00	6	3	6	1	12	4	0.458	3	0			0	2	0.29	5	0.71	M						6
508	35	Alan Ball	0.38	1.13	0.34	0	1	2	10	2	0.40	2.33	1	0	8	0	0.74	2.72	11	15	1	1	0.50	0.50	2.72	0	0	0	0	0	0	#DIV/0!	2	0	4	1	6	1	0.333	2	0			0	1	0.50	1	0.50	M						2
509	35	Mike Zahalsky	1.31	13.28	0.10	3	3	5	67	8	0.37	1.17	4	0	8	0	0.46	2.48	37	5	1	5	0.38	0.63	2.48	2	0	8	0	10	0	0.00	8	3	6	4	14	7	0.536	1	0			0	4	0.50	4	0.50	M					2	7
510	35	Ali Elliott	0.43	2.13	0.20	0	2	3	20	4	0.46	2.00	3	0	8	0	0.67	2.43	16	13	1	2	0.50	0.50	2.43	0	0	0	0	0	0	#DIV/0!	4	1	6	0	10	1	0.200	2	0			0	1	0.25	3	0.75	F						3
511	35	Joe Mena	1.18	8.78	0.13	2	3	9	53	6	0.47	1.08	2	0	8	0	0.61	2.26	30	8	1	3	0.50	0.50	2.26	1	0	5	0	6	0	0.00	7	4	6	1	13	5	0.500	3	0			0	4	0.67	2	0.33	M					2	11
512	35	Jessica Johnston	1.78	3.13	0.57	0	0	7	12	1	-0.58	0.00	0	0	8	0	-0.01	1.78	19	12	1	1	0.00	1.00	1.78	0	0	1	1	1	1	1.00	4	2	6	5	10	7	0.850	3	0			0	1	1.00	-1	#DIV/0!	F						7
513	35	Patrick Bolton	0.08	0.73	0.11	0	1	5	11	2	0.27	1.56	0	0	8	0	0.39	1.64	8	16	1	1	0.50	0.50	1.64	0	0	0	0	0	0	#DIV/0!	1	0	3	0	4	0	0.125	1	0			0	2	1.00	0	0.00	M						5
514	35	Roark Luskin	0.73	1.63	0.45	0	0	3	5	1	-0.60	0.00	0	0	8	0	-0.15	0.73	14	14	1	1	0.00	1.00	0.73	0	0	0	0	0	0	#DIV/0!	3	1	5	2	8	3	0.500	2	0			0	1	1.00	0	0.00	F						3
515	35	Katrina Radke	0.08	0.33	0.25	0	0	5	6	1	-0.83	0.00	0	0	8	0	-0.58	0.08	3	18	1	1	0.00	1.00	0.08	0	0	0	0	0	0	#DIV/0!	1	0	1	0	2	0	0.250	1	0			0	1	1.00	0	0.00	F						5
516	35	Simone Nguyen	0.08	0.53	0.16	0	0	5	6	1	-0.83	0.00	0	0	8	0	-0.68	0.08	6	17	1	1	0.00	1.00	0.08	0	0	0	0	0	0	#DIV/0!	1	0	2	0	3	0	0.167	1	0			0	1	1.00	0	0.00	F						5
517	36	Domenick Abbate	4.31	12.39	0.35	1	8	2	80	10	0.80	3.73	0	5	11	0.45	1.60	10.77	39	2	1	2	0.80	0.20	8.04	1	0	9	3	10	3	0.30	6	3	7	4	13	7	0.577	1	0			0					M						2
518	36	Wendell Holland	3.95	12.39	0.32	0	7	5	75	9	0.77	2.42	0	6	11	0.55	1.63	9.65	39	1	1	2	0.78	0.22	6.37	1	0	9	2	10	2	0.20	6	4	7	6	13	10	0.808	1	0			1					M						5
519	36	Laurel Johnson	2.45	12.72	0.19	1	10	2	92	11	0.91	4.24	2	0	11	0.00	1.10	6.69	39	3	1	1	0.91	0.09	6.69	1	0	9	1	10	1	0.10	7	4	7	4	14	8	0.571	0	0			0					F					1	3
520	36	Chelsea Townsend	3.04	7.89	0.39	2	6	5	70	8	0.74	2.33	0	0	11	0	1.13	5.37	32	8	1	2	0.75	0.25	5.37	1	0	5	2	6	2	0.33	5	3	7	3	12	6	0.542	1	0			0					F						5
521	36	Sebastian Noel	2.10	10.72	0.20	0	6	5	78	9	0.66	2.07	0	0	11	0	0.86	4.17	36	6	1	3	0.67	0.33	4.17	1	1	7	0	8	1	0.13	7	1	7	5	14	6	0.464	1	0			1					M						5
522	36	Kellyn Bechtold	1.65	9.39	0.18	0	6	4	78	10	0.59	2.10	0	0	11	0	0.77	3.75	35	7	1	4	0.60	0.40	3.75	1	0	6	1	7	1	0.14	6	1	7	3	13	4	0.346	1	0			1					F						4
523	36	Angela Perkins	1.89	12.39	0.15	2	4	3	79	9	0.44	1.78	0	0	11	0	0.59	3.67	38	4	1	5	0.44	0.56	3.67	1	0	9	1	10	1	0.10	6	3	7	3	13	6	0.500	1	0			1					F						3
524	36	Jenna Bowman	0.64	5.89	0.11	1	5	3	74	8	0.62	2.50	2	0	11	0	0.73	3.14	29	10	1	3	0.63	0.38	3.14	0	0	4	0	4	0	0.00	5	1	7	2	12	3	0.292	1	0			1					F						3
525	36	James Lim	0.50	1.02	0.49	0	3	6	30	4	0.70	2.10	1	0	11	0	1.19	2.60	17	15	1	1	0.75	0.25	2.60	0	0	0	0	0	0	#DIV/0!	2	2	6	2	8	4	0.500	0	0			0					M						6
526	36	Libby Vincek	1.02	3.69	0.28	0	4	8	55	6	0.64	1.56	2	0	11	0	0.92	2.57	25	12	1	2	0.67	0.33	2.57	0	0	2	0	2	0	0.00	4	4	7	2	11	6	0.591	1	0			0					F						8
527	36	Brendan Shapiro	0.44	0.91	0.49	0	2	5	26	3	0.60	2.07	2	0	11	0	1.09	2.52	12	17	1	1	0.67	0.33	2.52	0	0	0	0	0	0	#DIV/0!	2	1	4	1	6	2	0.333	0	0			0					M						5
528	36	Michael Yerger	0.77	6.22	0.12	0	5	5	80	9	0.55	1.73	1	0	11	0	0.67	2.50	29	9	1	4	0.56	0.44	2.50	0	0	4	0	4	0	0.00	6	2	7	1	13	3	0.269	1	0			0					M					7	12
529	36	Bradley Kleihege	0.67	1.52	0.44	0	2	8	22	3	0.55	1.56	0	0	11	0	0.99	2.23	19	14	1	1	0.67	0.33	2.23	0	0	0	0	0	0	#DIV/0!	3	1	7	3	10	4	0.450	1	0			0					M						8
530	36	Donathan Hurley	1.02	11.39	0.09	0	6	9	88	11	0.54	1.17	0	0	11	0	0.63	2.19	37	5	1	5	0.55	0.45	2.19	1	0	8	0	9	0	0.00	6	4	7	2	13	6	0.500	1	0			1					M					1	10
531	36	Desiree Afuye	0.45	5.22	0.09	1	4	10	57	6	0.64	1.33	0	0	11	0	0.72	1.78	27	11	1	2	0.67	0.33	1.78	0	0	3	0	3	0	0.00	6	0	7	3	13	3	0.269	1	0			0					F						10
532	36	Stephanie Johnson	0.11	0.82	0.14	0	2	7	34	4	0.45	1.27	2	0	11	0	0.58	1.38	14	16	1	2	0.50	0.50	1.38	0	0	0	0	0	0	#DIV/0!	2	0	5	1	7	1	0.143	0	0			0					F						7
533	36	Chris Noble	1.29	2.86	0.45	0	0	10	13	1	-0.77	0.00	0	0	11	0	-0.32	1.29	22	13	1	1	0.00	1.00	1.29	0	0	1	0	1	0	0.00	4	2	7	6	11	8	0.773	1	0			0					M						10
534	36	Morgan Ricke	0.21	0.32	0.66	0	0	4	8	1	-0.50	0.00	0	0	11	0	0.16	0.21	9	18	1	1	0.00	1.00	0.21	0	0	0	0	0	0	#DIV/0!	0	0	3	2	3	2	0.667	0	0			0					F						4
535	36	Jacob Derwin	0.00	0.21	0.00	0	0	5	8	1	-0.63	0.00	0	0	11	0	-0.63	0.00	6	19	1	1	0.00	1.00	0.00	0	0	0	0	0	0	#DIV/0!	0	0	2	0	2	0	0.000	0	0			1					M						5
536	36	Stephanie Gonzalez	0.00	0.10	0.00	0	0	8	9	1	-0.89	0.00	0	0	11	0	-0.89	0.00	3	20	1	1	0.00	1.00	0.00	0	0	0	0	0	0	#DIV/0!	0	0	1	0	1	0	0.000	0	0			0					F						8
537	37	Nick Wilson	4.12	13.75	0.30	1	10	0	99	13	0.77	5.38	12	7	10	0.70	1.77	13.70	39	1	1	3	0.77	0.23	9.50	1	0	10	3	11	3	0.27	7	2	6	1	13	3	0.346	3	0			0					M						0
538	37	Mike White	2.19	13.75	0.16	0	9	1	100	12	0.75	4.20	10	3	10	0.30	1.21	8.19	39	2	1	3	0.75	0.25	6.39	1	0	10	1	11	1	0.09	7	3	6	2	13	5	0.500	3	0			0					M						1
539	37	Kara Kay	2.19	13.75	0.16	1	7	0	96	11	0.64	4.45	10	0	10	0	0.80	6.64	38	4	1	4	0.64	0.36	6.64	1	0	10	1	11	1	0.09	7	3	6	3	13	6	0.500	1	0			0					F						0
540	37	Davie Rickenbacker	3.10	11.75	0.26	0	5	5	90	10	0.49	1.56	7	0	10	0	0.76	4.66	36	6	1	5	0.50	0.50	4.66	1	1	8	0	9	1	0.11	7	3	6	2	13	5	0.423	1	0			0					M					2	7
541	37	Christian Hubicki	2.54	11.00	0.23	1	6	6	79	8	0.74	2.10	4	0	10	0	0.97	4.64	35	7	1	2	0.75	0.25	4.64	1	0	7	1	8	1	0.13	8	4	6	3	14	7	0.536	1	0	1	1	0					M					12	18
542	37	Gabby Pascuzzi	1.04	8.75	0.12	1	5	2	72	7	0.71	3.33	6	0	10	0	0.83	4.38	32	8	1	2	0.71	0.29	4.38	0	0	6	0	6	0	0.00	7	3	6	2	13	5	0.423	1	0			0					F						2
543	37	John Hennigan	1.18	3.85	0.31	0	2	3	35	3	0.64	2.67	2	0	10	0	0.94	3.84	22	12	1	1	0.67	0.33	3.84	0	0	2	0	2	0	0.00	4	2	6	4	10	6	0.650	1	0	1	0	0					M						3
544	37	Dan Rengering	2.21	4.80	0.46	0	2	6	46	4	0.47	1.40	3	0	10	0	0.93	3.61	25	11	1	2	0.50	0.50	3.61	0	0	3	1	3	1	0.33	4	2	6	4	10	6	0.650	1	0			0					M						6
545	37	Alec Merlino	2.30	6.00	0.38	0	3	9	61	6	0.48	1.08	5	0	10	0	0.86	3.38	28	10	1	3	0.50	0.50	3.38	0	0	4	1	4	1	0.25	5	4	6	3	11	7	0.682	1	0			0					M						9
546	37	Angelina Keeley	1.04	13.75	0.08	2	8	4	100	12	0.66	2.33	7	0	10	0.00	0.74	3.37	39	3	1	4	0.67	0.33	3.37	1	0	10	0	11	0	0.00	7	1	6	2	13	3	0.346	3	0			0					F					2	6
547	37	Alison Raybould	2.13	13.00	0.16	1	5	13	91	9	0.54	0.92	5	0	10	0	0.70	3.04	37	5	1	4	0.56	0.44	3.04	1	0	9	1	10	1	0.10	8	2	6	4	14	6	0.464	1	0	1	0	0					F						13
548	37	Carl Boudreaux	0.90	7.05	0.13	2	3	6	64	6	0.48	1.40	4	0	10	0	0.61	2.30	30	9	1	3	0.50	0.50	2.30	0	0	5	0	5	0	0.00	6	2	5	2	11	4	0.409	1	0			2					M						6
549	37	Natalia Azoqa	0.21	0.54	0.39	1	1	3	15	2	0.40	2.00	1	0	10	0	0.79	2.21	11	16	1	1	0.50	0.50	2.21	0	0	0	0	0	0	#DIV/0!	0	0	4	2	4	2	0.500	0	0			0					F						3
550	37	Lyrsa Torres	0.70	1.69	0.42	0	2	9	18	3	0.50	1.44	0	0	10	0	0.92	2.14	17	14	1	1	0.67	0.33	2.14	0	0	0	0	0	0	#DIV/0!	3	1	6	1	9	2	0.389	3	0	1	1	0					F						9
551	37	Natalie Cole	0.30	0.94	0.32	1	1	4	15	2	0.37	1.75	0	0	10	0	0.69	2.05	15	15	1	1	0.50	0.50	2.05	0	0	0	0	0	0	#DIV/0!	1	0	5	1	6	1	0.333	2	0			0					F						4
552	37	Elizabeth Olson	0.53	2.44	0.22	1	2	13	27	3	0.51	1.10	1	0	10	0	0.72	1.62	20	13	1	1	0.67	0.33	1.62	0	0	1	0	1	0	0.00	2	1	6	2	8	3	0.375	0	0			0					F						13
553	37	Jeremy Crawford	0.21	0.34	0.63	0	0	9	10	1	-0.90	0.00	0	0	10	0	-0.27	0.21	9	18	1	1	0.00	1.00	0.21	0	0	0	0	0	0	#DIV/0!	0	0	3	2	3	2	0.667	0	0			0					M						9
554	37	Bi Nguyen*	0.13	0.34	0.37	0	0	0	9	1	-0.24	0.00	1	0	10	0	0.14	0.13	10	17	1	1	0.00	1.00	0.13	0	0	0	0	0	0	#DIV/0!	0	0	3	1	3	1	0.333	0	0			0					F						0
555	37	Jessica Peet	0.00	0.21	0.00	0	0	5	9	1	-0.56	0.00	0	0	10	0	-0.56	0.00	6	19	1	1	0.00	1.00	0.00	0	0	0	0	0	0	#DIV/0!	0	0	2	0	2	0	0.000	0	0			0					F						5
556	37	Pat Cusack*	0.00	0.10	0.00	0	0	0	0	0	-1.00	0.00	0	0	10	0	-1.00	0.00	3	20	1	0	#DIV/0!	#DIV/0!	0.00	0	0	0	0	0	0	#DIV/0!	0	0	1	0	1	0	0.000	0	0			0					M						0
557	38	Gavin Whitson	4.06	15.47	0.26	0	8	0	101	12	0.67	4.67	10	4	13	0.3076923077	1.24	10.58	39	2	1	4	0.67	0.33	8.73	2	1	11	2	13	3	0.23	6	1	6	3	12	4	0.458	3	0			0					M						0
558	38	Chris Underwood	2.14	5.52	0.39	0	4	5	35	5	0.77	2.49	4	9	13	0.6923076923	1.85	8.79	39	1	1	1	0.80	0.20	4.63	2	1	3	1	5	2	0.40	1	1	3	0	4	1	0.250	0	0			27					M					4	9
559	38	Rick Devens	5.56	14.47	0.38	0	8	5	117	14	0.57	1.78	9	0	13	0	0.95	7.34	38	4	1	6	0.57	0.43	7.34	3	1	11	4	14	5	0.36	4	3	4	0	8	3	0.375	0	0			6					M					7	12
560	38	Julie Rosenberg	3.31	15.47	0.21	3	5	1	88	10	0.50	2.80	7	0	13	0.00	0.71	6.11	39	3	1	5	0.50	0.50	6.11	2	0	11	2	13	2	0.15	6	2	6	3	12	5	0.417	0	0			0					F						1
561	38	Ron Clark	2.33	11.47	0.20	3	5	3	71	7	0.71	2.86	4	0	13	0	0.91	5.19	35	8	1	2	0.71	0.29	5.19	2	1	7	0	9	1	0.11	6	2	6	5	12	7	0.583	0	0			4					M						3
562	38	Aurora McCreary	3.50	13.47	0.26	1	5	12	77	9	0.54	0.97	3	0	13	0	0.80	4.47	35	7	1	4	0.56	0.44	4.47	3	0	8	2	11	2	0.18	6	2	6	6	12	8	0.667	0	0			1					F						12
563	38	Victoria Baamonde	0.75	13.47	0.06	3	8	2	96	11	0.73	3.39	8	0	13	0	0.78	4.15	36	6	1	3	0.73	0.27	4.15	2	0	9	0	11	0	0.00	6	2	6	2	12	4	0.458	3	0			0					F						2
564	38	Julia Carter	1.50	5.89	0.25	1	2	9	36	3	0.58	1.44	2	0	13	0	0.84	2.93	35	12	1	1	0.67	0.33	2.93	1	0	3	0	4	0	0.00	4	2	6	6	10	8	0.800	0	0			12					F						9
565	38	Wardog' DaSilva	0.68	9.47	0.07	0	8	8	100	11	0.72	1.70	8	0	13	0	0.79	2.38	35	9	1	3	0.73	0.27	2.38	1	0	6	0	7	0	0.00	6	3	6	0	12	3	0.292	1	0			6					M						8
566	38	Lauren O'Connell	0.85	14.47	0.06	1	10	11	125	15	0.66	1.24	8	0	13	0	0.72	2.10	37	5	1	5	0.67	0.33	2.10	2	0	10	0	12	0	0.00	6	3	6	0	12	3	0.375	3	0			13					F						11
567	38	Eric Hafemann	0.90	4.89	0.18	0	2	8	38	4	0.45	1.17	3	0	13	0	0.63	2.06	35	13	1	2	0.50	0.50	2.06	1	0	2	0	3	0	0.00	4	1	6	3	10	4	0.450	1	0			0					M						8
435	38	Kelley Wentworth	0.60	8.22	0.07	1	7	14	92	10	0.68	1.09	3	0	13	0	0.76	1.69	35	10	1	3	0.70	0.30	1.69	1	0	5	0	6	0	0.00	5	2	6	0	11	2	0.182	0	0			16					F						14
445	38	Joe Anglim	1.58	3.72	0.42	0	0	6	13	1	-0.46	0.00	0	0	13	0	-0.04	1.58	35	14	1	1	0.00	1.00	1.58	1	0	1	0	2	0	0.00	3	2	6	6	9	8	0.944	1	0			10					M						6
481	38	David Wright	0.27	6.89	0.04	0	6	11	83	9	0.65	1.24	6	0	13	0	0.69	1.51	35	11	1	3	0.67	0.33	1.51	1	0	4	0	5	0	0.00	4	1	6	0	10	1	0.100	0	0			11					M					1	12
568	38	Keith Sowell	0.00	1.24	0.00	0	1	6	17	2	0.32	1.40	1	0	13	0	0.32	1.40	17	18	1	1	0.50	0.50	1.40	1	0	0	0	1	0	0.00	0	0	2	0	2	0	0.250	1	0			8					M						6
569	38	Wendy Diaz	0.49	2.72	0.18	0	1	9	37	5	0.15	0.43	1	0	13	0	0.33	0.92	14	17	1	4	0.20	0.80	0.92	1	0	0	0	1	0	0.00	3	1	6	0	9	1	0.278	3	0			1					F						9
467	38	Aubry Bracco	0.48	3.22	0.15	2	0	4	5	1	-0.80	0.00	0	0	13	0	-0.65	0.48	35	15	1	1	0.00	1.00	0.48	2	0	0	0	2	0	0.00	2	0	5	3	7	3	0.500	1	0			22					F						4
570	38	Reem Daly	0.00	2.11	0.00	0	0	4	9	1	-0.44	0.00	0	0	13	0	-0.44	0.00	35	16	1	1	0.00	1.00	0.00	2	0	0	0	2	0	0.00	0	0	1	0	1	0	0.000	0	0			32					F						4
571	39	Tommy Sheehan	2.54	10.79	0.24	1	7	2	75	9	0.77	3.63	7	8	10	0.8	1.81	10.97	39	1	1	2	0.78	0.22	6.17	1	1	8	0	9	1	0.11	4	4	7	5	11	9	0.818	0	0			0					M						2
572	39	Dean Kowalski	2.42	10.79	0.22	1	8	0	99	12	0.67	4.67	10	2	10	0.2	1.09	8.29	39	2	1	4	0.67	0.33	7.09	1	0	8	2	9	2	0.22	4	1	7	2	11	3	0.273	0	0			0					M					5	5
573	39	Noura Salman	3.52	10.79	0.33	1	7	6	83	9	0.77	2.18	5	0	10	0	1.10	5.70	39	3	1	2	0.78	0.22	5.70	1	0	8	3	9	3	0.33	4	1	7	3	11	4	0.364	0	0			0					F						6
574	39	Lauren Beck	1.87	10.79	0.17	3	6	1	76	9	0.67	3.73	7	0	10	0	0.84	5.61	38	4	1	3	0.67	0.33	5.61	1	0	8	1	9	1	0.11	4	2	7	5	11	7	0.636	0	0			0					F						1
575	39	Missy Byrd	1.65	4.29	0.38	0	5	3	62	7	0.71	2.86	6	0	10	0	1.09	4.50	27	10	1	2	0.71	0.29	4.50	0	0	3	1	3	1	0.33	3	2	7	3	10	5	0.500	0	0			0					F						3
576	39	Aaron Meredith	2.65	4.29	0.62	0	4	5	63	7	0.56	1.78	6	0	10	0	1.18	4.42	27	11	1	3	0.57	0.43	4.42	0	0	3	2	3	2	0.67	3	2	7	3	10	5	0.500	0	0			0					M						5
577	39	Elizabeth Beisel	0.81	5.29	0.15	0	4	1	71	7	0.57	3.20	7	0	10	0	0.72	4.01	30	9	1	3	0.57	0.43	4.01	0	0	4	0	4	0	0.00	3	3	7	3	10	6	0.600	0	0			0					F						1
578	39	Jason Linden	0.73	0.98	0.74	0	1	6	17	1	0.65	2.80	0	0	10	0	1.39	3.53	16	15	1	0	1.00	0.00	3.53	0	0	0	0	0	0	#DIV/0!	2	2	6	4	8	6	0.750	0	0			0					M						6
579	39	Elaine Stott	1.67	8.79	0.19	2	7	8	86	10	0.69	1.63	7	0	10	0	0.88	3.30	35	7	1	3	0.70	0.30	3.30	1	0	6	1	7	1	0.14	4	2	7	3	11	5	0.455	0	0			0					F						8
580	39	Janet Carbin	0.98	9.79	0.10	1	5	6	83	10	0.49	1.40	6	0	10	0	0.59	2.38	37	5	1	5	0.50	0.50	2.38	1	0	7	0	8	0	0.00	4	1	7	4	11	5	0.455	0	0			0					F					2	8
581	39	Dan Spilo*	1.04	8.79	0.12	1	5	5	71	8	0.54	1.04	6	0	10	0	0.66	2.08	36	6	1	3	0.63	0.38	2.08	1	0	6	0	7	0	0.00	4	3	7	5	11	8	0.727	0	0			0					M						5
582	39	Jack Nichting	0.48	1.13	0.43	0	1	2	24	3	0.31	1.56	2	0	10	0	0.73	2.03	19	14	1	2	0.33	0.67	2.03	0	0	0	0	0	0	#DIV/0!	2	0	7	4	9	4	0.444	0	0			0					F						2
583	39	Chelsea Walker	0.11	0.45	0.25	0	2	6	26	3	0.59	1.87	2	0	10	0	0.84	1.98	11	17	1	1	0.67	0.33	1.98	0	0	0	0	0	0	#DIV/0!	0	0	4	1	4	1	0.250	0	0			0					M						6
584	39	Kellee Kim	0.48	2.13	0.23	0	2	8	37	4	0.45	1.17	3	0	10	0	0.67	1.65	22	13	1	2	0.50	0.50	1.65	0	0	1	0	1	0	0.00	2	0	7	4	9	4	0.444	0	0			0					F						8
585	39	Tom Laidlaw	0.11	0.70	0.16	0	2	6	33	4	0.45	1.40	2	0	10	0	0.61	1.51	14	16	1	2	0.50	0.50	1.51	0	0	0	0	0	0	#DIV/0!	1	0	5	1	6	1	0.167	0	0			0					M						6
586	39	Vince Moua	0.11	0.32	0.34	0	1	7	18	2	0.31	1.27	0	0	10	0	0.65	1.38	8	18	1	1	0.50	0.50	1.38	0	0	0	0	0	0	#DIV/0!	0	0	3	1	3	1	0.333	0	0			0					M						7
587	39	Jamal Shipman	0.48	3.29	0.15	0	1	6	48	4	0.22	0.70	4	0	10	0	0.36	1.18	24	12	1	3	0.25	0.75	1.18	0	0	2	0	2	0	0.00	3	0	7	4	10	4	0.400	0	0			0					M						6
588	39	Karishma Patel	0.25	6.79	0.04	0	5	15	86	10	0.48	0.74	4	0	10	0	0.52	0.99	32	8	1	5	0.50	0.50	0.99	0	0	5	0	5	0	0.00	4	0	7	2	11	2	0.182	0	0			0					F					7	22
589	39	Molly Byman	0.10	0.21	0.47	0	0	7	10	1	-0.70	0.00	0	0	10	0	-0.23	0.10	6	19	1	1	0.00	1.00	0.10	0	0	0	0	0	0	#DIV/0!	0	0	2	1	2	1	0.500	0	0			0					F						7
590	39	Ronnie Bardah	0.00	0.10	0.00	0	0	7	9	1	-0.78	0.00	0	0	10	0	-0.78	0.00	3	20	1	1	0.00	1.00	0.00	0	0	0	0	0	0	#DIV/0!	0	0	1	0	1	0	0.000	0	0			0					M						7
407	40	Tony Vlachos	4.56	12.07	0.38	1	8	0	97	12	0.67	4.67	12	12	16	0.75	1.79	13.73	39	1	3	4	0.67	0.33	9.23	0	0	10	4	10	4	0.40	3	0	8	3	11	3	0.364	2	0			0					M					0	0
476	40	Michele Fitzgerald	2.78	12.07	0.23	1	7	4	109	14	0.50	1.75	11	0	16	0.00	0.73	4.53	39	3	2	7	0.50	0.50	4.53	0	0	10	2	10	2	0.20	3	1	8	3	11	4	0.409	1	0			0					F					2	6
372	40	Denise Stapley	2.48	10.07	0.25	1	6	4	100	11	0.54	1.91	8	0	16	0	0.79	4.39	36	6	2	5	0.55	0.45	4.39	0	0	8	2	8	2	0.25	3	0	8	2	11	2	0.273	2	0			0					F					4	8
425	40	Natalie Anderson	2.00	5.10	0.39	0	1	7	21	3	0.22	0.85	1	4	16	0.25	0.86	4.35	39	2	2	2	0.33	0.67	2.85	2	1	3	1	5	2	0.40	0	0	1	0	1	0	0.000	0	0			33					F					4	11
97	40	Sandra Diaz-Twine	0.31	1.04	0.30	4	2	1	24	3	0.65	3.73	2	0	16	0	0.95	4.04	16	15	4	1	0.67	0.33	4.04	0	0	0	0	0	0	#DIV/0!	0	0	7	2	7	2	0.357	1	0			0					F	7/30/1974	5/22/2019	44.8			1
499	40	Ben Driebergen	1.54	11.07	0.14	0	10	5	105	13	0.77	2.39	10	0	16	0	0.90	3.93	37	5	2	3	0.77	0.23	3.93	0	0	9	0	9	0	0.00	3	3	8	4	11	7	0.636	0	0			0					F						5
416	40	Sarah Lacina	1.29	12.07	0.11	0	7	2	97	13	0.54	2.51	10	0	16	0	0.64	3.80	38	4	3	6	0.54	0.46	3.80	0	0	10	0	10	0	0.00	3	2	8	5	11	7	0.636	0	0			0					M						2
183	40	Yul Kwon	0.66	3.54	0.19	0	3	3	28	4	0.72	3.00	3	0	16	0	0.91	3.66	35	14	2	1	0.75	0.25	3.66	2	0	0	0	2	0	0.00	1	0	8	4	9	4	0.500	1	0			17					M					2	5
537	40	Nick Wilson	1.66	10.07	0.16	0	8	8	90	11	0.72	1.70	6	0	16	0	0.88	3.36	35	7	2	3	0.73	0.27	3.36	1	0	7	1	8	1	0.13	3	0	8	4	11	4	0.409	1	0			1					M						8
338	40	Sophie Clarke	1.62	7.07	0.23	0	4	6	65	7	0.56	1.60	5	0	16	0	0.79	3.22	35	10	2	3	0.57	0.43	3.22	1	0	4	0	5	0	0.00	3	3	8	5	11	8	0.727	0	0			7					M						6
354	40	Kim Spradlin	2.09	8.07	0.26	0	4	9	73	8	0.48	1.08	5	0	16	0	0.74	3.17	35	9	2	4	0.50	0.50	3.17	1	0	5	1	6	1	0.17	3	2	8	3	11	5	0.545	2	0			6					F						9
429	40	Jeremy Collins	1.48	9.07	0.16	0	6	9	79	9	0.65	1.44	6	0	16	0	0.82	2.91	35	8	3	3	0.67	0.33	2.91	1	0	6	1	7	1	0.14	3	0	8	2	11	2	0.273	2	0			4					F						9
33	40	Ethan Zohn	0.11	2.45	0.05	0	2	4	27	3	0.62	2.33	2	0	16	0	0.66	2.44	35	18	3	1	0.67	0.33	2.44	2	0	0	0	2	0	0.00	0	0	4	1	4	1	0.250	0	0			26					M						4
273	40	Tyson Apostol	1.34	5.79	0.23	0	3	12	51	5	0.55	1.05	4	0	16	0	0.78	2.39	35	11	4	2	0.60	0.40	2.39	2	1	3	0	5	1	0.20	1	0	5	3	6	3	0.500	0	0			17					M						12
518	40	Wendell Holland	0.66	3.54	0.19	0	4	12	40	5	0.74	1.40	2	0	16	0	0.93	2.06	35	13	2	1	0.80	0.20	2.06	1	0	1	0	2	0	0.00	1	0	8	4	9	4	0.500	1	0			14					M						12
188	40	Parvati Shallow	0.45	3.04	0.15	0	2	5	32	4	0.46	1.56	1	0	16	0	0.61	2.01	35	16	4	2	0.50	0.50	2.01	2	0	0	0	2	0	0.00	0	0	7	3	7	3	0.429	0	0			19					F						5
58	40	Boston Rob Mariano	0.25	2.79	0.09	0	2	4	32	4	0.47	1.75	3	0	16	0	0.56	2.00	35	17	5	2	0.50	0.50	2.00	2	0	0	0	2	0	0.00	0	0	6	2	6	2	0.333	0	0			21					M						4
479	40	Adam Klein	1.00	4.74	0.21	0	4	15	55	6	0.62	0.98	2	0	16	0	0.83	1.99	35	12	2	2	0.67	0.33	1.99	1	0	2	0	3	0	0.00	2	1	8	4	10	5	0.500	0	0			12					M						15
151	40	Danni Boatwright	0.11	2.32	0.05	0	1	8	19	2	0.29	1.17	1	0	16	0	0.34	1.28	35	19	2	1	0.50	0.50	1.28	2	0	0	0	2	0	0.00	0	0	3	1	3	1	0.333	0	0			29					F						8
22	40	Amber Mariano	0.10	2.21	0.05	0	0	6	10	1	-0.60	0.00	0	0	16	0	-0.55	0.10	35	20	3	1	0.00	1.00	0.10	2	0	0	0	2	0	0.00	0	0	2	1	2	1	0.500	0	0			32					F						6
591	41	Erika Casupanan	2.03	10.35	0.20	4	6	2	56	7	0.85	4.00	6	7	8	0.88	1.92	11.28	26	1	1	1	0.86	0.14	6.03	1	0	7	2	8	2	0.25	4	2	6	2	10	4	0.450	1	0			2					F						2
592	41	Deshawn Radden	1.48	11.35	0.13	1	5	7	55	8	0.61	1.59	4	1	8	0.13	0.86	3.82	26	2	1	3	0.63	0.38	3.07	1	0	8	0	9	0	0.00	4	2	6	4	10	6	0.650	1	0			0					M						7
593	41	Xander Hastings	2.17	10.35	0.21	2	4	2	65	9	0.44	2.07	8	0	8	0.00	0.65	4.24	26	3	1	5	0.44	0.56	4.24	1	0	7	2	8	2	0.25	4	1	6	2	10	3	0.400	2	0			0					M						2
594	41	Heather Aldret	0.17	10.35	0.02	5	6	5	56	7	0.84	2.67	5	0	8	0	0.86	2.83	25	4	1	1	0.86	0.14	2.83	1	0	7	0	8	0	0.00	4	0	6	1	10	1	0.100	0	0			0					F						5
595	41	Ricard Foyé	4.92	10.35	0.48	1	7	9	73	11	0.63	1.37	7	0	8	0	1.10	6.29	24	5	1	4	0.64	0.36	6.29	1	1	7	3	8	4	0.50	4	3	6	1	10	4	0.450	1	0			0					M						9
596	41	Danny McCray	2.31	9.35	0.25	0	2	3	50	6	0.32	1.33	5	0	8	0	0.57	3.64	23	6	1	4	0.33	0.67	3.64	1	0	6	1	7	1	0.14	4	1	6	4	10	5	0.600	2	0			0					M						3
597	41	Liana Wallace	0.83	7.02	0.12	1	5	10	54	7	0.69	1.43	4	0	8	0	0.81	2.26	21	7	1	2	0.71	0.29	2.26	1	0	4	0	5	0	0.00	3	0	6	2	9	2	0.333	2	0			0					F						10
598	41	Shan Smith	0.52	6.02	0.09	1	7	3	54	9	0.77	3.11	7	0	8	0	0.86	3.63	19	8	1	2	0.78	0.22	3.63	1	0	3	0	4	0	0.00	3	2	6	0	9	2	0.278	1	0			0					F						3
599	41	Evvie Jagoda	2.23	5.02	0.45	0	2	7	38	5	0.36	1.02	3	0	8	0	0.81	3.25	17	9	1	3	0.40	0.60	3.25	0	0	3	1	3	1	0.33	3	1	6	3	9	4	0.556	2	0			0					NB						7
600	41	Naseer Muttalif	0.91	5.02	0.18	3	1	4	29	3	0.29	1.17	1	0	8	0	0.47	2.08	17	10	1	2	0.33	0.67	2.08	0	0	3	0	3	0	0.00	3	0	6	3	9	3	0.444	2	0			0					M						4
601	41	Tiffany Seely	0.50	3.02	0.17	1	2	8	33	4	0.44	1.17	1	0	8	0	0.61	1.67	16	11	1	2	0.50	0.50	1.67	0	0	1	0	1	0	0.00	3	0	6	1	9	1	0.222	2	0			0					F						8
602	41	Sydney Segal	0.98	2.82	0.35	1	0	5	12	1	-0.42	0.00	0	0	8	0	-0.07	0.98	14	12	1	1	0.00	1.00	0.98	0	0	1	0	1	0	0.00	2	0	6	4	8	4	0.563	1	0			0					F						5
603	41	Genie Chen	0.52	1.62	0.32	1	1	3	17	4	0.21	1.00	2	0	8	0	0.53	1.52	11	13	1	3	0.25	0.75	1.52	0	0	0	0	0	0	#DIV/0!	2	2	5	0	7	2	0.357	1	0			0					F						3
604	41	JD Robinson	0.52	1.28	0.40	0	2	4	14	3	0.57	2.33	1	0	8	0	0.97	2.85	9	14	1	1	0.67	0.33	2.85	0	0	0	0	0	0	#DIV/0!	2	2	4	0	6	2	0.417	1	0			0					M						4
605	41	Brad Reese	0.27	0.78	0.34	0	1	4	10	1	0.60	3.50	0	0	8	0	0.94	3.77	7	15	1	0	1.00	0.00	3.77	0	0	0	0	0	0	#DIV/0!	1	1	3	0	4	1	0.375	1	0			0					M						4
606	41	David Voce	0.00	0.53	0.00	0	1	3	10	2	0.35	2.00	1	0	8	0	0.35	2.00	5	16	1	1	0.50	0.50	2.00	0	0	0	0	0	0	#DIV/0!	1	0	2	0	3	0	0.000	0	0			0					M						3
607	41	Sara Wilson	0.17	0.33	0.50	0	0	4	6	1	-0.67	0.00	0	0	8	0	-0.17	0.17	3	17	1	1	0.00	1.00	0.17	0	0	0	0	0	0	#DIV/0!	1	1	1	0	2	1	0.500	0	0			0					F						4
608	41	Eric Abraham	0.00	0.33	0.00	0	0	5	6	1	-0.83	0.00	0	0	8	0	-0.83	0.00	3	18	1	1	0.00	1.00	0.00	0	0	0	0	0	0	#DIV/0!	1	0	1	0	2	0	0.000	0	0			0					M						5
609	42	Chanelle Howell	0.63	2.97	0.21	1	0	9	31	3	-0.10	0.00	2	0	8	0	0.11	0.63	16	11	1	3	0.00	1.00	0.63	0	0	1	0	1	0	0.00	3	1	6	1	9	2	0.333	2	0			0					F						9
610	42	Daniel Strunk	0.10	1.57	0.06	4	0	2	9	2	-0.11	0.00	1	0	8	0	-0.05	0.10	11	13	1	2	0.00	1.00	0.10	0	0	0	0	0	0	#DIV/0!	2	0	5	0	7	0	0.071	1	0			0					M						2
611	42	Hai Giang	1.63	6.97	0.23	0	5	7	44	6	0.81	2.12	3	0	8	0	1.04	3.75	19	8	1	1	0.83	0.17	3.75	1	0	4	1	5	1	0.20	3	0	6	2	9	2	0.333	2	0			0					M						7
612	42	Jenny Kim	0.30	0.82	0.37	0	0	2	4	1	-0.50	0.00	0	0	8	0	-0.13	0.30	7	15	1	1	0.00	1.00	0.30	0	0	0	0	0	0	#DIV/0!	1	0	3	1	4	1	0.375	1	0			0					F						2
613	42	Lydia Meredith	0.53	2.77	0.19	2	2	8	20	3	0.53	1.56	1	0	8	0	0.72	2.08	14	12	1	1	0.67	0.33	2.08	0	0	1	0	1	0	0.00	2	0	6	2	8	2	0.313	1	0			0					F						8
614	42	Mike Turner	1.63	10.97	0.15	1	6	4	64	8	0.74	2.63	7	1	8	0.125	1.02	5.00	26	2	1	2	0.75	0.25	4.25	2	0	7	1	9	1	0.11	3	1	6	1	9	2	0.333	2	0			0					M						4
615	42	Jackson Fox*	0.00	0.17	0.00	0	0	6	6	1	-1.00	0.00	0	0	8	0	-1.00	0.00	3	18	1	1	0.00	1.00	0.00	0	0	0	0	0	0	#DIV/0!	1	0	0	0	1	0	0.000	0	0			0					M						6
616	42	Jonathan Young	3.48	11.97	0.29	0	7	7	58	8	0.86	2.23	4	0	8	0	1.15	5.70	25	4	1	1	0.88	0.13	5.70	2	0	8	2	10	2	0.20	3	2	6	4	9	6	0.722	1	0			0					M						7
617	42	Lindsay Dolashewich	4.08	10.97	0.37	2	6	5	58	8	0.74	2.33	6	0	8	0	1.11	6.41	24	5	1	2	0.75	0.25	6.41	2	1	7	2	9	3	0.33	3	1	6	3	9	4	0.500	1	0			0					F						5
618	42	Marya Sherron	0.20	0.57	0.35	0	0	4	4	1	-1.00	0.00	0	0	8	0	-0.65	0.20	5	16	1	1	0.00	1.00	0.20	0	0	0	0	0	0	#DIV/0!	1	0	2	1	3	1	0.333	0	0			0					F						4
619	42	Maryanne Oketch	1.28	11.97	0.11	2	8	2	58	9	0.89	4.15	7	7	8	0.875	1.87	10.67	26	1	1	1	0.89	0.11	5.42	2	0	8	0	10	0	0.00	3	1	6	4	9	5	0.611	1	0			0					F						2
620	42	Omar Zaheer	2.08	8.97	0.23	2	4	3	54	6	0.66	2.67	6	0	8	0	0.89	4.74	23	6	1	2	0.67	0.33	4.74	2	1	5	0	7	1	0.14	3	1	6	3	9	4	0.500	1	0			0					M						3
621	42	Drea Wheeler	0.64	6.97	0.09	3	6	5	51	8	0.74	2.33	6	0	8	0	0.83	2.98	21	7	1	2	0.75	0.25	2.98	1	0	4	0	5	0	0.00	3	1	6	1	9	2	0.333	2	0			0					F						5
622	42	Rocksroy Bailey	0.84	3.97	0.21	2	2	4	36	5	0.38	1.40	4	0	8	0	0.59	2.24	17	10	1	3	0.40	0.60	2.24	0	0	2	0	2	0	0.00	3	2	6	1	9	3	0.444	2	0			2					M						4
623	42	Romeo Escobar	1.52	10.97	0.14	4	5	6	56	9	0.54	1.56	5	0	8	0.000	0.68	3.07	26	3	1	4	0.56	0.44	3.07	2	0	7	1	9	1	0.11	3	1	6	1	9	2	0.278	1	0			0					M						6
624	42	Swati Goel	0.39	1.32	0.30	0	1	3	17	3	0.27	1.33	2	0	8	0	0.57	1.73	11	14	1	2	0.33	0.67	1.73	0	0	1	0	1	0	0.00	2	1	4	0	6	1	0.333	2	0			0					F						3
625	42	Tori Meehan	3.04	4.97	0.61	0	3	5	35	4	0.71	2.33	3	0	8	0	1.33	5.38	17	9	1	1	0.75	0.25	5.38	0	0	3	2	3	2	0.67	3	2	6	2	9	4	0.556	2	0			0					F						5
626	42	Zach Wurtenberger	0.17	0.37	0.45	0	0	5	5	1	-1.00	0.00	0	0	8	0	-0.55	0.17	3	17	1	1	0.00	1.00	0.17	0	0	0	0	0	0	#DIV/0!	1	1	1	0	2	1	0.500	0	0			0					M						5
627	43	Elie Scott	0.65	1.65	0.39	1	1	7	17	2	0.29	1.27	1	0	8	0	0.69	1.92	13	13	1	1	0.50	0.50	1.92	0	0	0	0	0	0	#DIV/0!	2	0	6	2	8	2	0.375	2	0			0					f						7
628	43	Jeanine Zheng	0.69	3.65	0.19	1	1	9	40	3	0.26	0.72	3	0	8	0	0.45	1.41	16	11	1	2	0.33	0.67	1.41	0	0	2	0	2	0	0.00	2	0	6	3	8	3	0.438	1	0			0					f						9
629	43	Mike Gabler	1.69	10.98	0.15	1	8	0	70	9	0.89	6.22	9	7	8	0.875	1.92	13.16	26	1	1	1	0.89	0.11	7.91	1	0	8	1	9	1	0.11	3	0	6	3	9	3	0.389	1	0			0					m						0
630	43	Morriah Young	0.00	0.33	0.00	0	0	5	6	1	-0.83	0.00	0	0	8	0	-0.83	0.00	3	18	1	1	0.00	1.00	0.00	0	0	0	0	0	0	#DIV/0!	1	0	1	0	2	0	0.000	0	0			0					f						5
631	43	Owen Knight	3.98	10.98	0.36	0	5	3	70	8	0.62	2.50	5	0	8	0.000	0.98	6.48	26	3	1	3	0.63	0.38	6.48	1	0	8	3	9	3	0.33	3	1	6	2	9	3	0.444	2	0			0					m					1	4
632	43	Sami Layadi	0.65	7.65	0.08	1	5	7	59	7	0.70	1.82	5	0	8	0	0.78	2.47	21	7	1	2	0.71	0.29	2.47	1	0	4	0	5	0	0.00	2	0	6	2	8	2	0.375	2	0			0					m						7
633	43	Cody Assenmacher	2.33	8.98	0.26	0	8	5	69	9	0.88	2.77	7	0	8	0	1.14	5.10	23	6	1	1	0.89	0.11	5.10	1	0	6	1	7	1	0.14	3	3	6	2	9	5	0.611	1	0			0					m						5
634	43	Dwight Moore	1.17	2.65	0.44	0	2	7	33	3	0.60	1.70	2	0	8	0	1.04	2.86	14	12	1	1	0.67	0.33	2.86	0	0	1	0	1	0	0.00	2	2	6	3	8	5	0.688	1	0			0					m						7
635	43	Jesse Lopez	1.17	10.98	0.11	1	9	0	74	9	1.00	7.00	9	0	8	0	1.11	8.17	25	4	1	0	1.00	0.00	8.17	1	0	7	0	8	0	0.00	3	2	6	3	9	5	0.611	1	0			0					m					1	1
636	43	Justine Brennan	0.25	0.53	0.47	0	0	3	5	1	-0.60	0.00	0	0	8	0	-0.13	0.25	5	17	1	1	0.00	1.00	0.25	0	0	0	0	0	0	#DIV/0!	1	1	2	0	3	1	0.500	1	0			0					f						3
637	43	Nneka Ejere	0.25	0.73	0.34	0	1	5	10	2	0.25	1.56	0	0	8	0	0.59	1.81	7	16	1	1	0.50	0.50	1.81	0	0	0	0	0	0	#DIV/0!	1	1	3	0	4	1	0.375	1	0			0					f						5
638	43	Noelle Lambert	2.00	6.65	0.30	2	4	6	57	8	0.49	1.40	5	0	8	0	0.79	3.40	19	8	1	4	0.50	0.50	3.40	1	1	4	0	5	1	0.20	2	2	6	2	8	4	0.563	1	0			0					f						6
639	43	Cassidy Clark	3.37	10.98	0.31	2	9	5	75	10	0.89	2.80	6	1	8	0.125	1.32	6.92	26	2	1	1	0.90	0.10	6.17	1	0	7	3	8	3	0.38	3	0	6	1	9	1	0.222	2	0			0					f						5
640	43	Geo Bustamante	0.27	1.48	0.18	2	0	4	11	2	-0.18	0.00	0	0	8	0	0.00	0.27	11	14	1	2	0.00	1.00	0.27	0	0	0	0	0	0	#DIV/0!	2	0	5	1	7	1	0.214	1	0			0					m						4
641	43	James Jones	0.37	4.65	0.08	2	5	8	50	6	0.81	1.94	3	0	8	0	0.89	2.31	17	10	1	1	0.83	0.17	2.31	0	0	2	0	2	0	0.00	2	0	6	1	8	1	0.250	2	0			0					m						8
642	43	Karla Cruz Godoy	2.77	9.98	0.28	3	7	6	75	10	0.69	1.96	6	0	8	0	0.97	4.73	22	5	1	3	0.70	0.30	4.73	1	0	7	2	8	2	0.25	3	1	6	2	9	3	0.389	1	0			0					f					1	7
643	43	Lindsay Carmine	0.37	1.23	0.30	1	0	4	6	1	-0.67	0.00	0	0	8	0	-0.37	0.37	9	15	1	1	0.00	1.00	0.37	0	0	0	0	0	0	#DIV/0!	2	0	4	1	6	1	0.333	2	0			0					f						4
644	43	Ryan Medrano	0.53	4.65	0.11	0	4	9	50	6	0.64	1.44	3	0	8	0	0.75	1.97	17	9	1	2	0.67	0.33	1.97	0	0	3	0	3	0	0.00	2	0	6	2	8	2	0.375	2	0			0					m						9
645	44	Bruce Perrault*	0.00	0.17	0.00	0	0	0	0	0	-1.00	0.00	0	0	8	0	-1.00	0.00	1	18	1	0	#DIV/0!	#DIV/0!	0.00	0	0	0	0	0	0	#DIV/0!	1	0	0	0	1	0	0.000	0	0			0					m						0
646	44	Carolyn Wiger	0.39	11.15	0.04	0	7	3	65	9	0.77	3.11	7	0	8	0.000	0.81	3.50	26	3	1	2	0.78	0.22	3.50	1	0	8	0	9	0	0.00	3	0	6	1	9	1	0.222	2	0			0					f						3
647	44	Carson Garrett	3.18	9.15	0.35	2	7	0	61	8	0.88	6.13	7	0	8	0	1.22	9.31	25	4	1	1	0.88	0.13	9.31	1	0	6	2	7	2	0.29	3	1	6	2	9	3	0.500	3	0			0					m					2	2
648	44	Helen Li	0.10	0.57	0.18	0	0	3	4	1	-0.75	0.00	0	0	8	0	-0.57	0.10	5	16	1	1	0.00	1.00	0.10	0	0	0	0	0	0	#DIV/0!	1	0	2	0	3	0	0.167	1	0			0					f						3
649	44	Sarah Wade	0.23	1.32	0.17	0	0	2	8	1	-0.25	0.00	1	0	8	0	-0.08	0.23	9	14	1	1	0.00	1.00	0.23	0	0	0	0	0	0	#DIV/0!	2	0	4	0	6	0	0.167	2	0			0					f						2
650	44	Yam Yam Arocho	1.56	11.15	0.14	0	7	6	70	10	0.69	1.96	7	7	8	0.875	1.71	8.77	26	1	1	3	0.70	0.30	3.52	1	0	8	1	9	1	0.11	3	1	6	0	9	1	0.222	2	0			0					m						6
651	44	Brandon Cottom	2.28	3.82	0.60	0	2	4	29	4	0.47	1.75	2	0	8	0	1.06	4.03	15	10	1	2	0.50	0.50	4.03	0	0	2	1	2	1	0.50	2	0	6	4	8	4	0.688	3	0			0					m					2	6
652	44	Jaime Lynn Ruiz	0.83	9.15	0.09	2	3	5	60	9	0.32	1.04	6	0	8	0	0.41	1.86	23	6	1	6	0.33	0.67	1.86	1	0	6	0	7	0	0.00	3	0	6	3	9	3	0.444	2	0			0					f						5
653	44	Kane Fritzler	0.99	3.82	0.26	2	0	6	34	4	-0.04	0.00	2	0	8	0	0.22	0.99	17	9	1	4	0.00	1.00	0.99	0	0	2	0	2	0	0.00	2	0	6	3	8	3	0.500	2	0			0					m						6
654	44	Lauren Harpe	2.87	9.15	0.31	3	2	3	60	7	0.28	1.14	6	0	8	0	0.59	4.01	24	5	1	5	0.29	0.71	4.01	1	0	6	2	7	2	0.29	3	1	6	1	9	2	0.389	3	0			0					f						3
655	44	Maddy Pomilla	0.08	0.37	0.23	0	0	1	3	1	-0.33	0.00	0	0	8	0	-0.11	0.08	3	17	1	1	0.00	1.00	0.08	0	0	0	0	0	0	#DIV/0!	1	0	1	0	2	0	0.250	1	0			0					f						1
656	44	Matthew Grinstead-Mayle*	0.66	1.65	0.40	3	0	0	3	1	-0.31	0.00	1	0	8	0	0.09	0.66	11	13	1	1	0.00	1.00	0.66	0	0	0	0	0	0	#DIV/0!	2	0	5	2	7	2	0.429	2	0			0					m						0
657	44	Claire Rafson	0.17	0.82	0.20	3	0	4	4	1	-1.00	0.00	0	0	8	0	-0.80	0.17	7	15	1	1	0.00	1.00	0.17	0	0	0	0	0	0	#DIV/0!	1	1	3	0	4	1	0.250	0	0			0					f						4
658	44	Danny Massa	1.13	7.82	0.14	0	5	5	50	6	0.82	2.59	3	0	8	0	0.96	3.73	21	7	1	1	0.83	0.17	3.73	1	0	5	0	6	0	0.00	2	2	6	2	8	4	0.625	2	0			0					m						5
659	44	Frannie Marin	3.88	6.82	0.57	2	3	5	43	5	0.58	1.87	3	0	8	0	1.15	5.75	19	8	1	2	0.60	0.40	5.75	1	1	4	2	5	3	0.60	2	1	6	3	8	4	0.563	1	0			0					f					6	11
660	44	Heidi Lagares-Greenblatt	2.13	10.15	0.21	2	6	8	66	9	0.65	1.56	5	1	8	0.125	0.99	4.44	24	2	1	3	0.67	0.33	3.69	1	0	7	1	8	1	0.13	3	2	6	2	9	4	0.556	2	0			0					f						8
661	44	Josh Wilder	0.72	1.82	0.39	0	2	7	19	3	0.54	1.70	1	0	8	0	0.94	2.41	13	12	1	1	0.67	0.33	2.41	0	0	0	0	0	0	#DIV/0!	2	2	6	1	8	3	0.438	1	0			0					m					2	9
662	44	Matt Blankinship	1.30	2.82	0.46	0	0	3	20	1	-0.15	0.00	0	0	8	0	0.31	1.30	14	11	1	1	0.00	1.00	1.30	0	0	1	0	1	0	0.00	2	2	6	3	8	5	0.750	2	0			0					m						3
663	45	Brando Meyer	0.37	1.73	0.21	1	0	3	5	1	-0.60	0.00	0	0	8	0	-0.39	0.37	11	14	1	1	0.00	1.00	0.37	0	0	0	0	0	0	#DIV/0!	2	0	5	1	7	1	0.286	2	0			0					m						3
664	45	Bruce Perrault	3.22	6.98	0.46	1	2	5	40	4	0.47	1.56	2	0	8	0	0.93	4.77	19	8	1	2	0.50	0.50	4.77	1	0	4	2	5	2	0.40	3	1	6	3	9	4	0.611	3	0			0					m						5
665	45	Jake O'Kane	0.88	11.23	0.08	1	3	8	58	8	0.36	0.88	4	0	8	0	0.44	1.76	26	3	1	5	0.38	0.63	1.76	2	0	7	0	9	0	0.00	3	0	6	2	9	2	0.444	4	0			0					m						8
645	45	Katurah Topps	0.62	9.98	0.06	3	4	0	58	7	0.57	4.00	7	0	8	0	0.63	4.62	25	4	1	3	0.57	0.43	4.62	2	0	7	0	9	0	0.00	3	0	6	2	9	2	0.333	2	0			0					f					1	1
666	45	Kellie Nalbandian	1.47	3.65	0.40	2	1	5	25	3	0.27	1.04	2	0	8	0	0.67	2.50	16	10	1	2	0.33	0.67	2.50	0	0	2	1	2	1	0.50	2	0	6	2	8	2	0.313	1	0			0					f						5
667	45	Kendra McQuarrie	0.99	4.98	0.20	0	1	6	37	5	0.17	0.56	4	0	8	0	0.37	1.55	17	9	1	4	0.20	0.80	1.55	0	0	3	0	3	0	0.00	3	1	6	2	9	3	0.500	3	0			0					f						6
668	45	Brandon Donlon	0.00	0.53	0.00	0	0	3	3	1	-1.00	0.00	0	0	8	0	-1.00	0.00	5	17	1	1	0.00	1.00	0.00	0	0	0	0	0	0	#DIV/0!	1	0	2	0	3	0	0.000	0	0			0					m						3
669	45	Emily Flippen	1.35	5.98	0.23	2	6	1	58	8	0.75	4.20	7	0	8	0	0.97	5.55	21	7	1	2	0.75	0.25	5.55	1	1	4	0	5	1	0.20	3	1	6	0	9	1	0.167	1	0			0					f						1
670	45	Hannah Rose*	0.00	0.33	0.00	0	0	6	6	1	-1.00	0.00	0	0	8	0	-1.00	0.00	3	18	1	1	0.00	1.00	0.00	0	0	0	0	0	0	#DIV/0!	1	0	1	0	2	0	0.000	0	0			0					f						6
671	45	Kaleb Gebrewold	0.58	2.90	0.20	0	2	5	23	4	0.45	1.56	1	0	8	0	0.64	2.13	14	11	1	2	0.50	0.50	2.13	0	0	1	0	1	0	0.00	2	1	6	1	8	2	0.313	1	0			0					m					11	16
672	45	Sabiyah Broderick	0.25	1.28	0.19	0	0	2	6	1	-0.33	0.00	0	0	8	0	-0.14	0.25	7	16	1	1	0.00	1.00	0.25	0	0	0	0	0	0	#DIV/0!	2	1	3	0	5	1	0.200	0	0			0					f						2
673	45	Sean Edwards	0.25	1.23	0.20	0	1	3	11	3	0.24	1.33	2	0	8	0	0.45	1.58	9	15	1	2	0.33	0.67	1.58	0	0	0	0	0	0	#DIV/0!	2	1	4	0	6	1	0.167	0	0			0					m						3
674	45	Austin Li Coon	4.09	10.98	0.37	1	5	0	63	8	0.63	4.38	9	3	8	0.375	1.37	10.72	26	2	1	3	0.63	0.38	8.47	2	1	7	2	9	3	0.33	3	1	6	3	9	4	0.611	3	0			0					m					0	0
675	45	Dee Valladares	3.99	9.98	0.40	2	4	2	63	9	0.44	2.07	7	5	8	0.625	1.47	9.82	26	1	1	5	0.44	0.56	6.07	2	0	6	3	8	3	0.38	3	1	6	2	9	3	0.500	3	0			0					f						2
676	45	Drew Basile	2.13	7.98	0.27	2	4	6	58	8	0.49	1.40	6	0	8	0	0.75	3.53	23	6	1	4	0.50	0.50	3.53	2	0	4	1	6	1	0.17	3	1	6	3	9	4	0.611	3	0			0					m						6
677	45	J.Maya	0.95	1.65	0.58	1	1	0	16	2	0.50	3.50	2	0	8	0	1.08	4.45	15	13	1	1	0.50	0.50	4.45	0	0	0	0	0	0	#DIV/0!	2	1	6	3	8	4	0.563	1	0			0					f						0
678	45	Julie Alley	1.33	11.98	0.11	1	7	7	63	9	0.77	1.98	4	0	8	0	0.88	3.30	24	5	1	2	0.78	0.22	3.30	2	0	7	0	9	0	0.00	3	2	6	3	9	5	0.667	2	0			0					f					6	13
679	45	Sifu Alsup	1.04	2.65	0.39	1	1	6	22	3	0.24	0.93	1	0	8	0	0.64	1.98	14	12	1	2	0.33	0.67	1.98	0	0	1	0	1	0	0.00	2	1	6	3	8	4	0.625	2	0			0					m						6
680	46	Ben Katzman	1.68	11.12	0.15	2	6	4	68	8	0.74	2.63	6	0	8	0.000	0.89	4.31	23	3	1	2	0.75	0.25	4.31	2	0	5	0	7	0	0.00	3	0	6	1	9	1	0.389	5	0			0					m						4
681	46	Charlie Davis	3.85	12.12	0.32	1	8	2	68	9	0.89	4.15	8	3	8	0.375	1.58	10.25	23	2	1	1	0.89	0.11	8.00	2	1	6	2	8	3	0.38	3	1	6	0	9	1	0.389	5	0			0					m						2
682	46	Jem Hussain-Adams	0.27	1.62	0.16	2	0	4	6	1	-0.67	0.00	0	0	8	0	-0.50	0.27	11	14	1	1	0.00	1.00	0.27	0	0	0	0	0	0	#DIV/0!	2	0	5	0	7	0	0.214	3	0			0					f						4
683	46	Maria Shrime Gonzalez	3.60	11.12	0.32	2	8	4	68	10	0.79	2.80	8	0	8	0	1.12	6.40	24	5	1	2	0.80	0.20	6.40	2	0	6	3	8	3	0.38	3	1	6	0	9	1	0.278	3	0			0					f						4
684	46	Moriah Gaynor	0.42	1.78	0.23	3	0	10	17	2	-0.29	0.00	1	0	8	0	-0.06	0.42	13	13	1	2	0.00	1.00	0.42	0	0	0	0	0	0	#DIV/0!	2	0	6	0	8	0	0.250	4	0			0					f						10
685	46	Tim Spicer	0.68	2.78	0.25	0	2	4	23	3	0.61	2.33	2	0	8	0	0.85	3.02	14	12	1	1	0.67	0.33	3.02	0	0	1	0	1	0	0.00	2	0	6	1	8	1	0.438	5	0			0					m						4
686	46	Bhanu Gopal	0.25	1.28	0.19	0	2	4	13	2	0.85	3.50	0	0	8	0	1.04	3.75	9	15	1	0	1.00	0.00	3.75	0	0	0	0	0	0	#DIV/0!	2	1	4	0	6	1	0.167	0	0			0					m						4
687	46	David Jelinsky	0.00	0.33	0.00	0	0	5	5	1	-1.00	0.00	0	0	8	0	-1.00	0.00	5	18	1	1	0.00	1.00	0.00	0	0	0	0	0	0	#DIV/0!	1	0	2	0	3	0	0.000	0	0			0					m						5
688	46	Jess Chong	0.00	0.53	0.00	0	1	4	10	2	0.30	1.75	0	0	8	0	0.30	1.75	7	17	1	1	0.50	0.50	1.75	0	0	0	0	0	0	#DIV/0!	1	0	3	0	4	0	0.000	0	0			0					f						4
689	46	Kenzie Petty	2.58	11.12	0.23	0	9	1	75	11	0.82	4.58	9	5	8	0.625	1.67	10.92	23	1	1	2	0.82	0.18	7.17	2	0	5	1	7	1	0.14	3	1	6	1	9	2	0.278	1	0			0					f						1
690	46	Q Burdette	1.58	9.12	0.17	0	8	12	70	10	0.78	1.40	5	0	8	0	0.96	2.98	23	6	1	2	0.80	0.20	2.98	2	1	5	0	7	1	0.14	3	1	6	1	9	2	0.278	1	0			0					m						12
691	46	Tiffany Ervin	0.42	6.12	0.07	1	7	5	57	8	0.86	2.72	6	0	8	0	0.93	3.14	19	8	1	1	0.88	0.13	3.14	1	0	3	0	4	0	0.00	3	1	6	0	9	1	0.167	1	0			0					f						5
692	46	Hunter McKnight	2.99	5.12	0.58	0	1	6	36	3	0.28	0.93	1	0	8	0	0.86	3.93	17	9	1	2	0.33	0.67	3.93	0	0	3	1	3	1	0.33	3	2	6	6	9	8	0.944	1	0			0					m						6
693	46	Liz Wilcox	0.96	11.12	0.09	3	7	0	62	8	0.88	6.13	8	0	8	0	0.96	7.08	23	4	1	1	0.88	0.13	7.08	2	0	5	0	7	0	0.00	3	1	6	3	9	4	0.500	1	0			0					f						0
694	46	Randen Montalvo*	0.53	0.78	0.68	1	0	0	0	0	-1.00	0.00	1	0	8	0	-0.32	0.53	7	16	1	0	0.00	0.00	0.53	0	0	0	0	0	0	#DIV/0!	1	1	3	2	4	3	0.750	0	0			0					m						0
695	46	Soda Thompson	0.91	2.78	0.33	2	1	4	17	2	0.38	1.75	1	0	8	0	0.71	2.66	14	11	1	1	0.50	0.50	2.66	0	0	1	0	1	0	0.00	2	1	6	3	8	4	0.563	1	0			0					f						4
696	46	Tevin Davis	1.41	3.78	0.37	1	1	8	27	3	0.23	0.78	2	0	8	0	0.61	2.19	16	10	1	2	0.33	0.67	2.19	0	0	2	0	2	0	0.00	2	1	6	5	8	6	0.813	1	0			0					m						8
697	46	Venus Vafa	1.37	7.12	0.19	1	3	10	51	6	0.47	1.00	2	0	8	0	0.66	2.37	21	7	1	3	0.50	0.50	2.37	1	0	4	0	5	0	0.00	3	1	6	5	9	6	0.667	0	0			0					f						10
698	47	Caroline Vidmar	0.68	8.33	0.08	0	6	3	65	7	0.85	3.43	7	0	8	0.000	0.93	4.10	22	7	1	1	0.86	0.14	4.10	1	0	5	0	6	0	0.00	5	1	5	1	10	2	0.350	3	0			0					f						3
699	47	Gabe Ortis	2.03	6.33	0.32	0	5	9	50	6	0.80	1.79	3	0	8	0	1.12	3.83	18	9	1	1	0.83	0.17	3.83	0	0	4	1	4	1	0.25	5	1	5	1	10	2	0.350	3	0			0					m					1	10
700	47	Kyle Ostwald	5.68	8.33	0.68	0	4	6	58	6	0.65	1.87	6	0	8	0	1.33	7.54	20	8	1	2	0.67	0.33	7.54	0	0	6	4	6	4	0.67	5	4	5	1	10	5	0.650	3	0			0					m						6
701	47	Sue Smey	1.84	12.33	0.15	2	7	3	75	10	0.70	2.80	8	0	8	0	0.85	4.64	26	3	1	3	0.70	0.30	4.64	1	0	9	1	10	1	0.10	5	2	5	0	10	2	0.400	4	0			0					f						3
702	47	Tiyana Hallums	0.68	2.49	0.27	0	2	4	23	3	0.61	2.33	2	0	8	0	0.88	3.01	13	12	1	1	0.67	0.33	3.01	0	0	1	0	1	0	0.00	3	1	5	1	8	2	0.438	3	0			0					f						4
703	47	TK Foster	0.08	0.53	0.16	0	0	4	6	1	-0.67	0.00	0	0	8	0	-0.51	0.08	5	17	1	1	0.00	1.00	0.08	0	0	0	0	0	0	#DIV/0!	1	0	2	1	3	1	0.500	1	0			0					m						4
704	47	Andy Rueda	0.77	10.33	0.07	0	6	5	69	9	0.66	2.07	6	0	8	0	0.73	2.84	23	6	1	3	0.67	0.33	2.84	1	0	7	0	8	0	0.00	5	1	5	3	10	4	0.400	0	0			0					m						5
705	47	Anika Dhar	0.77	1.33	0.58	1	1	4	10	1	0.60	3.50	0	0	8	0	1.18	4.27	8	14	1	0	1.00	0.00	4.27	0	0	0	0	0	0	#DIV/0!	2	1	5	3	7	4	0.571	0	0			0					f						4
706	47	Jon Lovett	0.17	0.33	0.50	0	0	5	6	1	-0.83	0.00	0	0	8	0	-0.33	0.17	5	18	1	1	0.00	1.00	0.17	0	0	0	0	0	0	#DIV/0!	1	1	1	0	2	1	0.500	0	0			0					m						5
707	47	Rachel LaMont	5.41	12.33	0.44	0	7	0	74	10	0.70	4.90	9	7	8	0.875	2.01	15.56	26	1	1	3	0.70	0.30	10.31	1	0	9	4	10	4	0.40	5	4	5	3	10	7	0.700	0	0			0					f					3	3
708	47	Sam Phalen	2.41	11.33	0.21	0	8	9	74	8	0.98	2.15	5	1	8	0.125	1.32	5.31	26	2	1	0	1.00	0.00	4.56	1	1	8	0	9	1	0.11	5	4	5	3	10	7	0.700	0	0			0					m						9
709	47	Sierra Wright	0.93	4.49	0.21	0	3	4	31	4	0.72	2.63	3	0	8	0	0.93	3.56	15	11	1	1	0.75	0.25	3.56	0	0	3	0	3	0	0.00	3	2	5	3	8	5	0.625	0	0			0					f						4
710	47	Aysha Welch	0.17	0.73	0.23	1	0	3	6	1	-0.50	0.00	0	0	8	0	-0.27	0.17	7	16	1	1	0.00	1.00	0.17	0	0	0	0	0	0	#DIV/0!	1	0	3	1	4	1	0.250	0	0			0					f						3
711	47	Genevieve Mushaluk	2.64	11.16	0.24	2	7	9	74	10	0.69	1.51	5	0	8	0	0.92	4.15	24	5	1	3	0.70	0.30	4.15	1	0	8	1	9	2	0.22	4	0	5	1	9	1	0.278	3	0			0					f						9
712	47	Kishan Patel	0.27	0.93	0.29	0	1	4	10	1	0.60	3.50	1	0	8	0	0.89	3.77	8	15	1	0	1.00	0.00	3.77	0	0	0	0	0	0	#DIV/0!	1	0	4	1	5	1	0.300	1	0			0					m						4
713	47	Rome Cooney	0.39	1.49	0.26	0	3	9	22	4	0.65	1.62	1	0	8	0	0.91	2.01	12	13	1	1	0.75	0.25	2.01	0	0	0	0	0	0	#DIV/0!	3	0	5	1	8	1	0.250	2	0			0					m						9
714	47	Sol Yi	0.89	4.99	0.18	0	1	9	40	5	0.16	0.43	3	0	8	0	0.33	1.32	16	10	1	4	0.20	0.80	1.32	0	0	3	0	3	0	0.00	4	1	5	1	9	2	0.333	2	0			0					m						9
715	47	Teeny Chirichillo	2.20	13.33	0.17	0	4	1	74	9	0.44	2.49	8	0	8	0	0.61	4.69	25	4	1	5	0.44	0.56	4.69	1	0	10	0	11	1	0.09	5	3	5	1	10	4	0.500	2	0			0					nb						1
716	48	Cedrek McFadden	0.10	2.65	0.04	1	4	6	34	6	0.64	1.87	4	0	8	0.000	0.67	1.97	14	11	1	2	0.67	0.33	1.97	0	0	1	0	1	0	0.00	3	0	5	0	8	0	0.063	1	0			0					m						6
717	48	Justin Pioppi	0.00	0.78	0.00	0	2	0	11	2	1.00	7.00	2	0	8	0	1.00	7.00	7	16	1	0	1.00	0.00	7.00	0	0	0	0	0	0	#DIV/0!	1	0	3	0	4	0	0.000	0	0			0					m						0
718	48	Kevin Leung	0.00	0.53	0.00	0	1	3	9	2	0.33	2.00	1	0	8	0	0.33	2.00	5	17	1	1	0.50	0.50	2.00	0	0	0	0	0	0	#DIV/0!	1	0	2	0	3	0	0.000	0	0			0					m						3
719	48	Mary Zheng	1.24	9.15	0.14	0	4	9	63	8	0.48	1.08	6	0	8	0	0.62	2.32	21	7	1	4	0.50	0.50	2.32	1	0	6	0	7	0	0.00	4	3	5	1	9	4	0.500	1	0			0					f					2	11
720	48	Sai Hughley	0.10	3.48	0.03	2	2	12	33	5	0.33	0.70	0	0	8	0	0.36	0.80	14	12	1	3	0.40	0.60	0.80	0	0	2	0	2	0	0.00	2	0	5	0	7	0	0.071	1	0			0					f					1	13
721	48	Stephanie Berger	0.00	0.33	0.00	0	0	4	5	1	-0.80	0.00	0	0	8	0	-0.80	0.00	3	18	1	1	0.00	1.00	0.00	0	0	0	0	0	0	#DIV/0!	1	0	1	0	2	0	0.000	0	0			0					f						4
722	48	Charity Nelms	0.61	1.65	0.37	2	0	7	13	1	-0.54	0.00	0	0	8	0	-0.17	0.61	13	13	1	1	0.00	1.00	0.61	0	0	0	0	0	0	#DIV/0!	3	0	5	2	8	2	0.375	2	0			0					f						7
723	48	Chrissy Sarnowsky	0.68	4.15	0.16	0	3	9	31	4	0.68	1.62	2	0	8	0	0.84	2.29	15	10	1	1	0.75	0.25	2.29	0	0	2	0	2	0	0.00	4	1	5	1	9	2	0.389	3	0			0					f						9
724	48	David Kinne	2.65	6.15	0.43	0	2	6	37	4	0.46	1.40	3	0	8	0	0.89	4.05	17	9	1	2	0.50	0.50	4.05	0	0	4	1	4	1	0.25	4	3	5	2	9	5	0.722	3	0			0					m						6
725	48	Kamilla Karthigesu	2.75	12.15	0.23	1	7	0	69	9	0.78	5.44	9	0	8	0	1.00	8.19	25	4	1	2	0.78	0.22	8.19	2	0	8	2	10	2	0.20	4	1	5	1	9	2	0.389	3	0			0					f						0
726	48	Kyle Fraser	3.83	12.15	0.31	1	10	1	69	10	1.00	5.60	8	5	8	0.625	1.94	13.18	26	1	1	0	1.00	0.00	9.43	2	1	8	2	10	3	0.30	4	1	5	2	9	3	0.444	2	0			0					m					3	4
727	48	Mitch Guerra	0.51	10.15	0.05	0	5	9	66	9	0.54	1.20	6	0	8	0	0.59	1.70	24	5	1	4	0.56	0.44	1.70	2	0	6	0	8	0	0.00	4	0	5	1	9	1	0.278	3	0			0					m						9
728	48	Bianca Roses	0.53	1.48	0.36	1	0	2	4	1	-0.50	0.00	0	0	8	0	-0.14	0.53	11	14	1	1	0.00	1.00	0.53	0	0	0	0	0	0	#DIV/0!	2	1	5	1	7	2	0.429	2	0			0					f						2
729	48	Eva Erickson	2.26	12.15	0.19	1	7	0	62	8	0.88	6.13	8	2	8	0.25	1.31	9.88	26	2	1	1	0.88	0.13	8.38	2	0	8	1	10	1	0.10	4	2	5	2	9	4	0.611	3	0			0					f						0
730	48	Joe Hunter	5.31	12.15	0.44	0	8	1	68	9	0.89	4.98	9	1	8	0.125	1.45	11.04	26	3	1	1	0.89	0.11	10.29	2	0	8	4	10	4	0.40	4	1	5	3	9	4	0.611	3	0			0					m						1
731	48	Shauhin Davari	2.06	9.15	0.22	0	5	6	64	8	0.61	1.75	4	0	8	0	0.84	3.81	23	6	1	3	0.63	0.38	3.81	2	1	5	0	7	1	0.14	4	1	5	3	9	4	0.556	2	0			0					m						6
732	48	Star Toomey	1.20	7.15	0.17	2	2	5	44	4	0.47	1.56	3	0	8	0	0.64	2.76	19	8	1	2	0.50	0.50	2.76	1	0	4	0	5	0	0.00	4	3	5	3	9	6	0.667	0	0			0					f						5
733	48	Thomas Krottinger	0.68	0.98	0.69	0	0	3	6	1	-0.50	0.00	0	0	8	0	0.19	0.68	9	15	1	1	0.00	1.00	0.68	0	0	0	0	0	0	#DIV/0!	1	1	4	2	5	3	0.700	1	0			0					m						3
734	49	Alex Moore	0.81	4.13	0.20	0	4	6	34	5	0.76	2.24	3	0	8	0.000	0.96	3.05	17	9	0	0	0.80	0.00	3.05	0	0	2	0	2	0	0.00	4	1	6	2	10	3	0.400	2	0			0					m					1	7
735	49	Annie Davis	0.00	0.53	0.00	0	1	5	11	2	0.27	1.56	0	0	8	0	0.27	1.56	5	17	0	1	0.50	0.50	1.56	0	0	0	0	0	0	#DIV/0!	1	0	2	0	3	0	0.000	0	0			0					f						5
736	49	Jake Latimer*	0.00	0.87	0.00	0	2	4	15	3	0.58	2.33	2	0	8	0	0.58	2.33	6	16	0	1	0.67	0.33	2.33	0	0	0	0	0	0	#DIV/0!	1	0	2	0	3	0	0.000	0	0			0					m						4
737	49	Jeremiah Ing	0.00	0.87	0.00	0	2	2	14	3	0.62	3.11	2	0	8	0	0.62	3.11	6	15	0	1	0.67	0.33	3.11	0	0	0	0	0	0	#DIV/0!	1	0	3	0	4	0	0.000	0	0			0					m						2
738	49	Nicole Mazullo	0.00	0.33	0.00	0	0	5	6	1	-0.83	0.00	0	0	8	0	-0.83	0.00	3	18	0	1	0.00	1.00	0.00	0	0	0	0	0	0	#DIV/0!	1	0	1	0	2	0	0.000	0	0			0					f						5
739	49	Sophi Balerdi	1.95	11.38	0.17	1	9	4	73	11	0.81	2.86	8	2	8	0.25	1.23	6.31	26	2	0	2	0.82	0.18	4.81	1	0	8	1	9	1	0.11	5	3	6	1	11	4	0.364	0	0			0					f						4
740	49	Jawan Pitts	0.18	5.38	0.03	1	6	6	51	7	0.84	2.40	5	0	8	0	0.87	2.58	19	8	0	1	0.86	0.14	2.58	0	0	3	0	3	0	0.00	5	0	6	0	11	0	0.091	2	0			0					m						6
741	49	Nate Moore	0.80	2.88	0.28	0	2	8	24	3	0.56	1.56	1	0	8	0	0.83	2.36	14	11	0	1	0.67	0.33	2.36	0	0	1	0	1	0	0.00	3	1	6	0	9	1	0.389	5	0			0					m						8
742	49	Rizo Velovic	0.88	11.38	0.08	1	8	3	64	9	0.88	3.56	6	0	8	0	0.96	4.44	25	4	0	1	0.89	0.11	4.44	1	0	8	0	9	0	0.00	5	2	6	1	11	3	0.364	2	0			0					m					0	3
743	49	Sage Ahrens-Nichols	0.81	11.38	0.07	2	7	1	55	8	0.87	4.90	7	1	8	0.125	1.07	6.46	26	3	0	1	0.88	0.13	5.71	1	0	8	0	9	0	0.00	5	1	6	2	11	3	0.364	2	0			0					f						1
744	49	Savannah Louie	6.10	10.38	0.59	0	6	4	64	8	0.74	2.63	6	5	8	0.625	1.96	12.48	26	1	0	2	0.75	0.25	8.73	1	1	7	4	8	5	0.63	5	2	6	1	11	3	0.409	3	0			0					f						4
745	49	Shannon Fairweather	0.49	1.68	0.29	1	0	3	4	1	-0.75	0.00	0	0	8	0	-0.46	0.49	12	12	0	1	0.00	1.00	0.49	0	0	0	0	0	0	#DIV/0!	2	0	6	2	8	2	0.375	2	0			0					f						3
746	49	Jason Treul	0.87	1.18	0.74	0	1	7	13	2	0.23	1.27	0	0	8	0	0.97	2.14	10	13	0	1	0.50	0.50	2.14	0	0	0	0	0	0	#DIV/0!	1	1	5	3	6	4	0.667	0	0			0					m						7
747	49	Kristina Mills	1.31	9.38	0.14	1	3	4	46	6	0.49	1.75	5	0	8	0	0.63	3.06	24	5	0	3	0.50	0.50	3.06	1	0	6	0	7	0	0.00	5	2	6	3	11	5	0.545	2	0			0					f					0	4
748	49	Matt Williams	0.53	1.01	0.53	1	0	4	7	1	-0.57	0.00	1	0	8	0	-0.04	0.53	8	14	0	1	0.00	1.00	0.53	0	0	0	0	0	0	#DIV/0!	1	1	4	2	5	3	0.600	0	0			0					m						4
749	49	MC Chukwujekwu	1.34	2.88	0.47	1	1	4	16	2	0.38	1.75	1	0	8	0	0.84	3.09	15	10	0	1	0.50	0.50	3.09	0	0	1	0	1	0	0.00	3	2	6	5	9	7	0.778	0	0			0					f					0	4
750	49	Sophie Segreti	3.79	7.38	0.51	1	4	7	41	5	0.77	2.04	3	0	8	0	1.28	5.83	21	7	0	1	0.80	0.20	5.83	0	0	5	2	5	2	0.40	5	4	6	4	11	8	0.818	2	0			0					f						7
751	49	Steven Ramm	3.43	9.38	0.37	0	3	8	45	6	0.47	1.17	4	0	8	0	0.84	4.59	23	6	0	3	0.50	0.50	4.59	1	0	6	2	7	2	0.29	5	3	6	5	11	8	0.727	0	0			0					m						8
546	50	Angelina Keeley	0.33	1.05	0.32	0	1	6	17	3	0.22	0.93	0	0	11	0.000	0.53	1.26	11	19	2	2	0.33	0.67	1.26	0	0	0	0	0	0	#DIV/0!	2	1	5	1	7	2	0.357	1	0			0					f						6
467	50	Aubry Bracco	1.77	9.89	0.18	0	9	7	72	9	0.99	2.55	4	8	11	0.7272727273	1.90	8.68	26	1	4	0	1.00	0.00	4.31	0	0	8	1	8	1	0.125	4	1	6	3	10	4	0.500	2	0								f						7
18	50	Colby Donaldson	0.57	2.25	0.25	1	0	4	4	1	-1.00	0.00	0	0	11	0	-0.75	0.57	13	15	4	1	0.00	1.00	0.57	0	0	1	0	1	0	0.000	3	1	5	2	8	3	0.500	2	0			0					m						4
711	50	Genevieve Mushaluk	0.60	2.25	0.27	1	0	4	4	1	-1.00	0.00	0	0	11	0	-0.73	0.60	13	16	2	1	0.00	1.00	0.60	0	0	1	0	1	0	0.000	3	1	5	2	8	3	0.500	2	0			0					f						4
726	50	Kyle Fraser*	0.19	0.25	0.75	0	0	8	8	1	-1.00	0.00	0	0	11	0	-0.25	0.19	4	23	2	1	0.00	1.00	0.19	0	0	0	0	0	0	#DIV/0!	1	1	1	0	2	1	0.750	1	0			0					m						8
690	50	Q Burdette	0.33	0.68	0.49	0	0	5	6	1	-0.83	0.00	0	0	11	0	-0.35	0.33	8	21	2	1	0.00	1.00	0.33	0	0	0	0	0	0	#DIV/0!	2	1	3	1	5	2	0.500	1	0			1					m						5
742	50	Rizo Velovic	0.56	9.89	0.06	0	9	4	75	9	0.99	3.50	7	0	11	0	1.05	4.06	25	4	2	0	1.00	0.00	4.06	0	0	7	0	7	0	0.000	3	1	6	2	9	3	0.444	2	0			1					m						4
137	50	Stephenie LaGrossa	1.67	5.89	0.28	0	4	9	68	8	0.48	1.08	6	0	11	0	0.77	2.75	19	10	4	4	0.50	0.50	2.75	0	0	4	1	4	1	0.250	4	3	6	1	10	4	0.450	1	0			0					f						9
541	50	Christian Hubicki	1.29	4.89	0.26	0	9	6	72	9	0.99	2.80	8	0	11	0	1.25	4.09	18	11	2	0	1.00	0.00	4.09	0	0	3	1	3	1	0.333	4	2	6	0	10	2	0.200	0	0			0					m						6
170	50	Cirie Fields	0.29	7.89	0.04	1	11	7	90	12	0.91	2.33	8	0	11	0	0.95	2.62	23	6	6	1	0.92	0.08	2.62	0	0	6	0	6	0	0.000	4	1	5	1	9	2	0.222	0	0			0					f						7
669	50	Emily Flippen	0.29	6.89	0.04	0	9	5	88	11	0.81	2.55	8	0	11	0	0.85	2.83	21	9	2	2	0.82	0.18	2.83	0	0	5	0	5	0	0.000	4	2	6	0	10	2	0.200	0	0			0					f						5
8	50	Jenna Lewis	0.00	0.25	0.00	0	0	7	8	1	-0.88	0.00	0	0	11	0	-0.88	0.00	3	24	3	1	0.00	1.00	0.00	0	0	0	0	0	0	#DIV/0!	1	0	1	0	2	0	0.000	0	0			0					f						7
730	50	Joe Hunter	3.22	10.89	0.30	0	10	0	87	11	0.91	6.36	11	0	11	0	1.21	9.59	26	3	2	1	0.91	0.09	9.59	0	0	9	2	9	2	0.222	4	2	6	3	10	5	0.550	1	0			0					m						0
184	50	Ozzy Lusth	1.29	6.89	0.19	0	6	7	83	10	0.59	1.53	7	0	11	0	0.78	2.81	21	8	5	4	0.60	0.40	2.81	0	0	4	1	4	1	0.250	3	2	6	0	9	2	0.222	0	0			2					m						7
559	50	Rick Devens	0.51	7.89	0.06	1	5	10	84	9	0.54	1.11	6	0	11	0	0.61	1.62	22	7	2	4	0.56	0.44	1.62	0	0	6	0	6	0	0.000	4	2	6	1	10	3	0.350	1	0			0					m						10
744	50	Savannah Louie	0.14	0.54	0.27	0	1	6	15	2	0.30	1.40	1	0	11	0	0.57	1.54	8	22	2	1	0.50	0.50	1.54	0	0	0	0	0	0	#DIV/0!	2	1	2	0	4	1	0.250	0	0			0					f						6
681	50	Charlie Davis	0.49	1.05	0.47	0	0	4	7	1	-0.57	0.00	0	0	11	0	-0.10	0.49	11	18	2	1	0.00	1.00	0.49	0	0	0	0	0	0	#DIV/0!	2	0	5	2	7	2	0.500	3	0			0					m						4
500	50	Chrissy Hofbeck	0.63	2.89	0.22	2	2	12	30	3	0.53	1.17	1	0	11	0	0.75	1.80	16	12	2	1	0.67	0.33	1.80	0	0	1	0	1	0	0.000	4	1	6	2	10	3	0.400	2	0			0					f						12
270	50	Coach Wade	0.71	2.89	0.2444352844	0	1	11	29	3	0.21	0.62	1	0	11	0	0.45	1.33	16	12	4	2	0.33	0.67	1.33	0	0	1	0	1	0	0.000	4	0	6	3	10	3	0.450	3	0			0					m						11
675	50	Dee Valladares	1.64	3.39	0.4831342235	0	2	8	24	3	0.56	1.56	2	0	11	0	1.04	3.19	15	14	2	1	0.67	0.33	3.19	0	0	2	1	2	1	0.500	4	1	5	2	9	3	0.500	3	0			0					f						8
616	50	Jonathan Young	2.69	9.89	0.272453648	0	7	0	86	11	0.64	4.45	9	3	11	0.2727272727	1.18	8.78	26	2	2	4	0.64	0.36	7.15	0	0	8	2	8	2	0.250	4	1	6	2	10	3	0.450	3	0			0					m						0
725	50	Kamilla Karthigesu	0.62	2.25	0.2773064687	2	1	3	12	2	0.38	2.00	1	0	11	0	0.65	2.62	13	17	2	1	0.50	0.50	2.62	0	0	1	0	1	0	0.000	3	1	5	2	8	3	0.500	2	0			0					f						3
538	50	Mike White	0.27	0.85	0.3169014085	0	1	3	12	2	0.38	2.00	1	0	11	0	0.69	2.27	9	20	2	1	0.50	0.50	2.27	0	0	0	0	0	0	#DIV/0!	2	0	4	1	6	1	0.333	2	0			0					m						3
691	50	Tiffany Ervin	3.41	8.89	0.3832038575	0	4	8	74	9	0.43	1.04	6	0	11	0	0.82	4.44	24	5	2	5	0.44	0.56	4.44	0	0	7	2	7	2	0.286	4	1	6	4	10	5	0.650	3	0								f						8
